decoupled;molecular mass (decoupled);sum formula (decoupled);stereo_abs;stereo_rel;molfile;sample name;molecule name;sample external label;description;real amount;real unit;target amount;target unit;density;solvent;location;secret;melting pt;boiling pt;refractive index;purity;flash point;dry solvent;solubility;form;color;inventory_label;canonical smiles
FALSE;;;;;
 OpenBabel06022512412D

  6  6  0  0  0  0  0  0  0  0999 V2000
    0.8660   -0.5000    0.0000 C   0  0  0  0  0  0  0  0  0  0  0  0
    1.7321    0.0000    0.0000 C   0  0  0  0  0  0  0  0  0  0  0  0
    1.7321    1.0000    0.0000 C   0  0  0  0  0  0  0  0  0  0  0  0
    0.8660    1.5000    0.0000 C   0  0  0  0  0  0  0  0  0  0  0  0
   -0.0000    1.0000    0.0000 C   0  0  0  0  0  0  0  0  0  0  0  0
    0.0000    0.0000    0.0000 C   0  0  0  0  0  0  0  0  0  0  0  0
  1  6  2  0  0  0  0
  1  2  1  0  0  0  0
  2  3  2  0  0  0  0
  3  4  1  0  0  0  0
  4  5  2  0  0  0  0
  5  6  1  0  0  0  0
M  END;Test 4;;external-label-01;;1;g;;;0.88 g/mL;;;FALSE;5.5;80.1;1.501;1;11 °C;FALSE;Soluble in water;powder;white;INV-001;;

FALSE;;;;;
 OpenBabel06022512412D

  6  6  0  0  0  0  0  0  0  0999 V2000
    0.8660   -0.5000    0.0000 C   0  0  0  0  0  0  0  0  0  0  0  0
    1.7321    0.0000    0.0000 C   0  0  0  0  0  0  0  0  0  0  0  0
    1.7321    1.0000    0.0000 C   0  0  0  0  0  0  0  0  0  0  0  0
    0.8660    1.5000    0.0000 C   0  0  0  0  0  0  0  0  0  0  0  0
   -0.0000    1.0000    0.0000 C   0  0  0  0  0  0  0  0  0  0  0  0
    0.0000    0.0000    0.0000 C   0  0  0  0  0  0  0  0  0  0  0  0
  1  6  2  0  0  0  0
  1  2  1  0  0  0  0
  2  3  2  0  0  0  0
  3  4  1  0  0  0  0
  4  5  2  0  0  0  0
  5  6  1  0  0  0  0
M  END;Test 5;;external-label-02;;2;g;;;0.88 g/mL;;;FALSE;5.5;80.1;;1;11 °C;FALSE;Soluble in DMSO;liquid;yellow;INV-002;c1ccccc1