Onthology ID;Ontology Name;Custom Name;Full Link;Parent
CHMO:0000228;CHMO: spectroscopy;spectroscopy;http://purl.obolibrary.org/obo/CHMO_0000228;=class,OBI:0000070(action)
CHMO:0000480;CHMO: electron ionisation mass spectrometry;EI-MS;http://purl.obolibrary.org/obo/CHMO_0000480;=detector,CHMO:0002862(subtype)
CHMO:0000497;CHMO: gas chromatography-mass spectrometry;;http://purl.obolibrary.org/obo/CHMO_0000497;
CHMO:0000524;CHMO: liquid chromatography-mass spectrometry;;http://purl.obolibrary.org/obo/CHMO_0000524;
CHMO:0002876;CHMO: high performance liquid chromatography-tandem mass spectrometry;HPLC/MS;http://purl.obolibrary.org/obo/CHMO_0002876;=subtype,CHMO:0001004(type)|ChemASAP:0000002(mode)|ChemASAP:0000003(mode)
CHMO:0002862;CHMO: gas chromatography-tandem mass spectrometry;GC/MS;http://purl.obolibrary.org/obo/CHMO_0002862;=subtype,CHMO:0001002(type)|ChemASAP:0000002(mode)|ChemASAP:0000003(mode)
CHMO:0000701;CHMO: liquid chromatography-tandem mass spectrometry;LC/MS;http://purl.obolibrary.org/obo/CHMO_0000701;=subtype,CHMO:0001004(type)|ChemASAP:0000002(mode)|ChemASAP:0000003(mode)
;;;;
CHMO:0000796;CHMO: high-performance liquid chromatography-mass spectrometry;;http://purl.obolibrary.org/obo/CHMO_0000796;
CHMO:0000229;CHMO: acoustic emission spectrometry;;http://purl.obolibrary.org/obo/CHMO_0000229;
CHMO:0000230;CHMO: alpha-particle spectroscopy;;http://purl.obolibrary.org/obo/CHMO_0000230;
CHMO:0000232;CHMO: electronic spectroscopy;;http://purl.obolibrary.org/obo/CHMO_0000232;
CHMO:0000233;CHMO: atomic spectroscopy;;http://purl.obolibrary.org/obo/CHMO_0000233;
CHMO:0000234;CHMO: atomic absorption spectroscopy;;http://purl.obolibrary.org/obo/CHMO_0000234;
CHMO:0000235;CHMO: atomic absorption glow-discharge spectroscopy;;http://purl.obolibrary.org/obo/CHMO_0000235;
CHMO:0000236;CHMO: cold vapour atomic absorption spectrometry;;http://purl.obolibrary.org/obo/CHMO_0000236;
CHMO:0000237;CHMO: electrothermal atomic absorption spectrometry;;http://purl.obolibrary.org/obo/CHMO_0000237;
CHMO:0000238;CHMO: capillary electrophoresis-electrothermal atomic absorption spectrometry;;http://purl.obolibrary.org/obo/CHMO_0000238;
CHMO:0000239;CHMO: graphite furnace atomic absorption spectrometry;;http://purl.obolibrary.org/obo/CHMO_0000239;
CHMO:0000240;CHMO: slurry sampling graphite furnace atomic absorption spectrometry;;http://purl.obolibrary.org/obo/CHMO_0000240;
CHMO:0000241;CHMO: solid sampling graphite furnace atomic absorption spectrometry;;http://purl.obolibrary.org/obo/CHMO_0000241;
CHMO:0000242;CHMO: quartz tube atomic absorption spectroscopy;;http://purl.obolibrary.org/obo/CHMO_0000242;
CHMO:0000244;CHMO: thermospray flame furnace atomic absorption spectrometry;;http://purl.obolibrary.org/obo/CHMO_0000244;
CHMO:0000245;CHMO: flow injection thermospray flame furnace absorption spectrometry;;http://purl.obolibrary.org/obo/CHMO_0000245;
CHMO:0000243;CHMO: flame atomic absorption spectrometry;;http://purl.obolibrary.org/obo/CHMO_0000243;
CHMO:0000246;CHMO: flow injection atomic absorption spectrometry;;http://purl.obolibrary.org/obo/CHMO_0000246;
CHMO:0000247;CHMO: flow injection electrothermal atomic absorption spectrometry;;http://purl.obolibrary.org/obo/CHMO_0000247;
CHMO:0000248;CHMO: flow injection flame atomic absorption spectrometry;;http://purl.obolibrary.org/obo/CHMO_0000248;
CHMO:0000249;CHMO: hydride generation atomic absorption spectroscopy;;http://purl.obolibrary.org/obo/CHMO_0000249;
CHMO:0000250;CHMO: line-source atomic absorption spectroscopy;;http://purl.obolibrary.org/obo/CHMO_0000250;
CHMO:0000251;CHMO: atomic emission spectroscopy;;http://purl.obolibrary.org/obo/CHMO_0000251;
CHMO:0000252;CHMO: electrothermal atomic emission spectroscopy;;http://purl.obolibrary.org/obo/CHMO_0000252;
CHMO:0000253;CHMO: graphite furnace atomic emission spectrometry;;http://purl.obolibrary.org/obo/CHMO_0000253;
CHMO:0000254;CHMO: furnace atomic nonthermal excitation spectrometry;;http://purl.obolibrary.org/obo/CHMO_0000254;
CHMO:0001094;CHMO: furnace ionisation nonthermal excitation spectrometry;;http://purl.obolibrary.org/obo/CHMO_0001094;
CHMO:0000255;CHMO: flame atomic emission spectroscopy;;http://purl.obolibrary.org/obo/CHMO_0000255;
CHMO:0000256;CHMO: glow discharge atomic emission spectroscopy;;http://purl.obolibrary.org/obo/CHMO_0000256;
CHMO:0002626;CHMO: hollow-cathode atomic emission spectroscopy;;http://purl.obolibrary.org/obo/CHMO_0002626;
CHMO:0002625;CHMO: particle-beam/hollow-cathode atomic emission spectroscopy;;http://purl.obolibrary.org/obo/CHMO_0002625;
CHMO:0000257;CHMO: laser-induced atomic emission spectroscopy;;http://purl.obolibrary.org/obo/CHMO_0000257;
CHMO:0000258;CHMO: laser-induced breakdown spectroscopy;;http://purl.obolibrary.org/obo/CHMO_0000258;
CHMO:0000259;CHMO: femtosecond laser-induced breakdown spectroscopy;;http://purl.obolibrary.org/obo/CHMO_0000259;
CHMO:0000260;CHMO: laser-induced shock wave plasma spectroscopy;;http://purl.obolibrary.org/obo/CHMO_0000260;
CHMO:0000261;CHMO: micro laser-induced breakdown atomic emission spectroscopy;;http://purl.obolibrary.org/obo/CHMO_0000261;
CHMO:0000262;CHMO: nanosecond laser-induced breakdown spectroscopy;;http://purl.obolibrary.org/obo/CHMO_0000262;
CHMO:0000263;CHMO: plasma atomic emission spectroscopy;;http://purl.obolibrary.org/obo/CHMO_0000263;
CHMO:0000264;CHMO: capacitively coupled plasma atomic emission spectroscopy;;http://purl.obolibrary.org/obo/CHMO_0000264;
CHMO:0000265;CHMO: direct current plasma atomic emission spectroscopy;;http://purl.obolibrary.org/obo/CHMO_0000265;
CHMO:0000267;CHMO: inductively-coupled plasma atomic emission spectroscopy;;http://purl.obolibrary.org/obo/CHMO_0000267;
CHMO:0000268;CHMO: hydride generation inductively coupled plasma atomic emission spectroscopy;;http://purl.obolibrary.org/obo/CHMO_0000268;
CHMO:0000269;CHMO: laser ablation inductively-coupled plasma atomic emission spectroscopy;;http://purl.obolibrary.org/obo/CHMO_0000269;
CHMO:0000270;CHMO: laser microprobe inductively coupled plasma atomic emission spectroscopy;;http://purl.obolibrary.org/obo/CHMO_0000270;
CHMO:0000272;CHMO: nebulisation inductively-coupled plasma atomic emission spectroscopy;;http://purl.obolibrary.org/obo/CHMO_0000272;
CHMO:0000273;CHMO: ultrasonic nebulisation inductively coupled plasma atomic emission spectroscopy;;http://purl.obolibrary.org/obo/CHMO_0000273;
CHMO:0000274;CHMO: solid phase extraction inductively coupled plasma atomic emission spectroscopy;;http://purl.obolibrary.org/obo/CHMO_0000274;
CHMO:0000275;CHMO: flow injection solid phase extraction inductively coupled plasma atomic emission spectroscopy;;http://purl.obolibrary.org/obo/CHMO_0000275;
CHMO:0000276;CHMO: metastable transfer emission spectrometry;;http://purl.obolibrary.org/obo/CHMO_0000276;
CHMO:0000277;CHMO: microwave induced plasma atomic emission spectrometry;;http://purl.obolibrary.org/obo/CHMO_0000277;
CHMO:0000278;CHMO: spark atomic emission spectrometry;;http://purl.obolibrary.org/obo/CHMO_0000278;
CHMO:0000279;CHMO: atomic fluorescence spectroscopy;;http://purl.obolibrary.org/obo/CHMO_0000279;
CHMO:0000280;CHMO: cold vapour atomic fluorescence spectroscopy;;http://purl.obolibrary.org/obo/CHMO_0000280;
CHMO:0000281;CHMO: electrothermal atomic fluorescence spectroscopy;;http://purl.obolibrary.org/obo/CHMO_0000281;
CHMO:0000282;CHMO: flame atomic fluorescence spectroscopy;;http://purl.obolibrary.org/obo/CHMO_0000282;
CHMO:0000283;CHMO: hydride generation atomic fluorescence spectroscopy;;http://purl.obolibrary.org/obo/CHMO_0000283;
CHMO:0000284;CHMO: laser-enhanced atomic fluorescence spectroscopy;;http://purl.obolibrary.org/obo/CHMO_0000284;
CHMO:0000285;CHMO: plasma atomic fluorescence spectroscopy;;http://purl.obolibrary.org/obo/CHMO_0000285;
CHMO:0000266;CHMO: furnace atomisation plasma emission spectroscopy;;http://purl.obolibrary.org/obo/CHMO_0000266;
CHMO:0000286;CHMO: inductively coupled plasma atomic fluorescence spectrometry;;http://purl.obolibrary.org/obo/CHMO_0000286;
CHMO:0000291;CHMO: spectrophotometry;;http://purl.obolibrary.org/obo/CHMO_0000291;
CHMO:0000292;CHMO: ultraviolet-visible spectrophotometry;;http://purl.obolibrary.org/obo/CHMO_0000292;
CHMO:0000293;CHMO: differential optical absorption spectrophotometry;;http://purl.obolibrary.org/obo/CHMO_0000293;
CHMO:0000294;CHMO: reflectance ultraviolet-visible spectrophotometry;;http://purl.obolibrary.org/obo/CHMO_0000294;
CHMO:0000899;CHMO: diffuse reflectance ultraviolet–visible spectrophotometry;;http://purl.obolibrary.org/obo/CHMO_0000899;
CHMO:0001253;CHMO: ultraviolet spectrophotometry;;http://purl.obolibrary.org/obo/CHMO_0001253;
CHMO:0000296;CHMO: vacuum ultraviolet spectrophotometry;;http://purl.obolibrary.org/obo/CHMO_0000296;
CHMO:0002590;CHMO: visible spectrophotometry;;http://purl.obolibrary.org/obo/CHMO_0002590;
CHMO:0000295;CHMO: equimolar spectrophotometry;;http://purl.obolibrary.org/obo/CHMO_0000295;
CHMO:0000792;CHMO: ultraviolet-visible-near infrared spectrophotometry;;http://purl.obolibrary.org/obo/CHMO_0000792;
CHMO:0000297;CHMO: X-ray spectroscopy;;http://purl.obolibrary.org/obo/CHMO_0000297;
CHMO:0000298;CHMO: X-ray absorption spectroscopy;;http://purl.obolibrary.org/obo/CHMO_0000298;
CHMO:0000299;CHMO: X-ray absorption fine structure spectroscopy;;http://purl.obolibrary.org/obo/CHMO_0000299;
CHMO:0000300;CHMO: extended X-ray absorption fine structure spectroscopy;;http://purl.obolibrary.org/obo/CHMO_0000300;
CHMO:0000301;CHMO: quick extended X-ray absorption fine structure spectroscopy;;http://purl.obolibrary.org/obo/CHMO_0000301;
CHMO:0000302;CHMO: reflection extended X-ray absorption fine structure spectroscopy;;http://purl.obolibrary.org/obo/CHMO_0000302;
CHMO:0000303;CHMO: surface extended X-ray absorption fine structure spectroscopy;;http://purl.obolibrary.org/obo/CHMO_0000303;
CHMO:0000304;CHMO: total-reflection X-ray absorption fine structure spectroscopy;;http://purl.obolibrary.org/obo/CHMO_0000304;
CHMO:0000305;CHMO: near-edge X-ray absorption fine structure spectroscopy;;http://purl.obolibrary.org/obo/CHMO_0000305;
CHMO:0000306;CHMO: X-ray microprobe spectroscopy;;http://purl.obolibrary.org/obo/CHMO_0000306;
CHMO:0000307;CHMO: X-ray emission spectroscopy;;http://purl.obolibrary.org/obo/CHMO_0000307;
CHMO:0000308;CHMO: alpha-particle X-ray spectroscopy;;http://purl.obolibrary.org/obo/CHMO_0000308;
CHMO:0000309;CHMO: energy-dispersive X-ray emission spectroscopy;;http://purl.obolibrary.org/obo/CHMO_0000309;
CHMO:0002212;CHMO: single-particle energy-dispersive X-ray emission spectroscopy;;http://purl.obolibrary.org/obo/CHMO_0002212;
CHMO:0000310;CHMO: non-resonant X-ray emission spectroscopy;;http://purl.obolibrary.org/obo/CHMO_0000310;
CHMO:0000311;CHMO: particle-induced X-ray emission spectroscopy;;http://purl.obolibrary.org/obo/CHMO_0000311;
CHMO:0000312;CHMO: microbeam particle-induced X-ray emission spectroscopy;;http://purl.obolibrary.org/obo/CHMO_0000312;
CHMO:0000313;CHMO: electron probe X-ray microanalysis;;http://purl.obolibrary.org/obo/CHMO_0000313;
CHMO:0002297;CHMO: electron-induced X-ray emission spectroscopy;;http://purl.obolibrary.org/obo/CHMO_0002297;
CHMO:0002298;CHMO: proton-induced X-ray emission spectroscopy;;http://purl.obolibrary.org/obo/CHMO_0002298;
CHMO:0000314;CHMO: wavelength dispersive X-ray spectroscopy;;http://purl.obolibrary.org/obo/CHMO_0000314;
CHMO:0000315;CHMO: X-ray microemission spectroscopy;;http://purl.obolibrary.org/obo/CHMO_0000315;
CHMO:0000316;CHMO: soft X-ray emission spectroscopy;;http://purl.obolibrary.org/obo/CHMO_0000316;
CHMO:0000317;CHMO: ultra soft X-ray emission spectroscopy;;http://purl.obolibrary.org/obo/CHMO_0000317;
CHMO:0001101;CHMO: synchrotron radiation X-ray emission spectroscopy;;http://purl.obolibrary.org/obo/CHMO_0001101;
CHMO:0000318;CHMO: synchrotron radiation excited X-ray spectroscopy;;http://purl.obolibrary.org/obo/CHMO_0000318;
CHMO:0000319;CHMO: X-ray reflection spectroscopy;;http://purl.obolibrary.org/obo/CHMO_0000319;
CHMO:0000320;CHMO: total reflection X-ray fluorescence spectroscopy;;http://purl.obolibrary.org/obo/CHMO_0000320;
CHMO:0000321;CHMO: beta-particle spectroscopy;;http://purl.obolibrary.org/obo/CHMO_0000321;
CHMO:0000322;CHMO: liquid scintillation counting;;http://purl.obolibrary.org/obo/CHMO_0000322;
CHMO:0000331;CHMO: electron spectroscopy;;http://purl.obolibrary.org/obo/CHMO_0000331;
CHMO:0000164;CHMO: electron scattering;;http://purl.obolibrary.org/obo/CHMO_0000164;
CHMO:0000165;CHMO: nanowire electron scattering;;http://purl.obolibrary.org/obo/CHMO_0000165;
CHMO:0000332;CHMO: appearance potential spectroscopy;;http://purl.obolibrary.org/obo/CHMO_0000332;
CHMO:0000333;CHMO: Auger electron appearance potential spectroscopy;;http://purl.obolibrary.org/obo/CHMO_0000333;
CHMO:0000334;CHMO: disappearance potential spectroscopy;;http://purl.obolibrary.org/obo/CHMO_0000334;
CHMO:0000335;CHMO: electron appearance potential fine structure analysis;;http://purl.obolibrary.org/obo/CHMO_0000335;
CHMO:0000336;CHMO: total current spectroscopy;;http://purl.obolibrary.org/obo/CHMO_0000336;
CHMO:0000337;CHMO: X-ray appearance potential spectroscopy;;http://purl.obolibrary.org/obo/CHMO_0000337;
CHMO:0000338;CHMO: X-ray excited electron appearance potential spectroscopy;;http://purl.obolibrary.org/obo/CHMO_0000338;
CHMO:0000339;CHMO: Auger electron spectroscopy;;http://purl.obolibrary.org/obo/CHMO_0000339;
CHMO:0000340;CHMO: angular dependent Auger electron spectroscopy;;http://purl.obolibrary.org/obo/CHMO_0000340;
CHMO:0000341;CHMO: resonant Auger electron spectroscopy;;http://purl.obolibrary.org/obo/CHMO_0000341;
CHMO:0000342;CHMO: angle-resolved resonant Auger electron spectroscopy;;http://purl.obolibrary.org/obo/CHMO_0000342;
CHMO:0000343;CHMO: Auger electron partial yield spectroscopy;;http://purl.obolibrary.org/obo/CHMO_0000343;
CHMO:0000344;CHMO: electron-excited Auger electron spectroscopy;;http://purl.obolibrary.org/obo/CHMO_0000344;
CHMO:0000345;CHMO: electron microprobe Auger spectroscopy;;http://purl.obolibrary.org/obo/CHMO_0000345;
CHMO:0000346;CHMO: ion-excited Auger electron spectroscopy;;http://purl.obolibrary.org/obo/CHMO_0000346;
CHMO:0000347;CHMO: He+-excited Auger electron spectroscopy;;http://purl.obolibrary.org/obo/CHMO_0000347;
CHMO:0000348;CHMO: proton-induced Auger electron spectroscopy;;http://purl.obolibrary.org/obo/CHMO_0000348;
CHMO:0000349;CHMO: angle-resolved ion-excited Auger electron spectroscopy;;http://purl.obolibrary.org/obo/CHMO_0000349;
CHMO:0000350;CHMO: scanning Auger electron spectroscopy;;http://purl.obolibrary.org/obo/CHMO_0000350;
CHMO:0000351;CHMO: spin-polarised Auger electron spectroscopy;;http://purl.obolibrary.org/obo/CHMO_0000351;
CHMO:0000352;CHMO: spin-polarised angle-resolved Auger electron spectroscopy;;http://purl.obolibrary.org/obo/CHMO_0000352;
CHMO:0000353;CHMO: X-ray excited Auger electron spectroscopy;;http://purl.obolibrary.org/obo/CHMO_0000353;
CHMO:0000354;CHMO: continuous X-ray-induced Auger electron spectroscopy;;http://purl.obolibrary.org/obo/CHMO_0000354;
CHMO:0000355;CHMO: electron coincidence spectroscopy;;http://purl.obolibrary.org/obo/CHMO_0000355;
CHMO:0000356;CHMO: Auger-photoelectron coincidence spectroscopy;;http://purl.obolibrary.org/obo/CHMO_0000356;
CHMO:0000357;CHMO: electron-electron coincidence spectroscopy;;http://purl.obolibrary.org/obo/CHMO_0000357;
CHMO:0000358;CHMO: angle-resolved electron-electron coincidence spectroscopy;;http://purl.obolibrary.org/obo/CHMO_0000358;
CHMO:0000359;CHMO: electron-electron-ion coincidence spectroscopy;;http://purl.obolibrary.org/obo/CHMO_0000359;
CHMO:0000360;CHMO: angle-resolved electron-electron ion coincidence spectroscopy;;http://purl.obolibrary.org/obo/CHMO_0000360;
CHMO:0000361;CHMO: electron-ion coincidence spectroscopy;;http://purl.obolibrary.org/obo/CHMO_0000361;
CHMO:0000362;CHMO: metastable-quenched electron spectroscopy;;http://purl.obolibrary.org/obo/CHMO_0000362;
CHMO:0000363;CHMO: resonance-ionisation spectroscopy;;http://purl.obolibrary.org/obo/CHMO_0000363;
CHMO:0000364;CHMO: surface Penning-ionisation electron spectroscopy;;http://purl.obolibrary.org/obo/CHMO_0000364;
CHMO:0000365;CHMO: photoion-photoelectron coincidence spectroscopy;;http://purl.obolibrary.org/obo/CHMO_0000365;
CHMO:0000366;CHMO: electron energy loss spectroscopy;;http://purl.obolibrary.org/obo/CHMO_0000366;
CHMO:0000367;CHMO: characteristic energy-loss spectroscopy;;http://purl.obolibrary.org/obo/CHMO_0000367;
CHMO:0000368;CHMO: extended electron energy loss fine structure spectroscopy;;http://purl.obolibrary.org/obo/CHMO_0000368;
CHMO:0000369;CHMO: surface extended electron energy loss fine structure spectroscopy;;http://purl.obolibrary.org/obo/CHMO_0000369;
CHMO:0000370;CHMO: high-resolution energy loss spectroscopy;;http://purl.obolibrary.org/obo/CHMO_0000370;
CHMO:0000371;CHMO: ionisation spectroscopy;;http://purl.obolibrary.org/obo/CHMO_0000371;
CHMO:0000372;CHMO: low-energy electron loss spectroscopy;;http://purl.obolibrary.org/obo/CHMO_0000372;
CHMO:0000373;CHMO: transmission electron energy loss spectroscopy;;http://purl.obolibrary.org/obo/CHMO_0000373;
CHMO:0000374;CHMO: vibrational electron energy loss spectroscopy;;http://purl.obolibrary.org/obo/CHMO_0000374;
CHMO:0000375;CHMO: field-emission electron spectroscopy;;http://purl.obolibrary.org/obo/CHMO_0000375;
CHMO:0000376;CHMO: field-emission electron spin-polarization spectroscopy;;http://purl.obolibrary.org/obo/CHMO_0000376;
CHMO:0000377;CHMO: inverse photoelectron spectroscopy;;http://purl.obolibrary.org/obo/CHMO_0000377;
CHMO:0000378;CHMO: bremsstrahlung isochromat spectroscopy;;http://purl.obolibrary.org/obo/CHMO_0000378;
CHMO:0000379;CHMO: angle-resolved bremsstrahlung isochromat spectroscopy;;http://purl.obolibrary.org/obo/CHMO_0000379;
CHMO:0000380;CHMO: momentum-resolved bremsstrahlung spectroscopy;;http://purl.obolibrary.org/obo/CHMO_0000380;
CHMO:0000381;CHMO: ultraviolet bremsstrahlung isochromat spectroscopy;;http://purl.obolibrary.org/obo/CHMO_0000381;
CHMO:0000382;CHMO: X-ray bremsstrahlung isochromat spectroscopy;;http://purl.obolibrary.org/obo/CHMO_0000382;
CHMO:0000383;CHMO: k-resolved inverse photoelectron spectroscopy;;http://purl.obolibrary.org/obo/CHMO_0000383;
CHMO:0000384;CHMO: spin-polarised inverse photoelectron spectroscopy;;http://purl.obolibrary.org/obo/CHMO_0000384;
CHMO:0000385;CHMO: metastable de-excitation spectroscopy;;http://purl.obolibrary.org/obo/CHMO_0000385;
CHMO:0000386;CHMO: spin-polarized metastable de-excitation spectroscopy;;http://purl.obolibrary.org/obo/CHMO_0000386;
CHMO:0000387;CHMO: photoelectron spectroscopy;;http://purl.obolibrary.org/obo/CHMO_0000387;
CHMO:0000388;CHMO: angle-resolved photoelectron spectroscopy;;http://purl.obolibrary.org/obo/CHMO_0000388;
CHMO:0000389;CHMO: depth-selective photoelectron spectroscopy;;http://purl.obolibrary.org/obo/CHMO_0000389;
CHMO:0000390;CHMO: photoelectron extended fine structure spectroscopy;;http://purl.obolibrary.org/obo/CHMO_0000390;
CHMO:0000391;CHMO: angle-resolved photoelectron extended fine structure spectroscopy;;http://purl.obolibrary.org/obo/CHMO_0000391;
CHMO:0000392;CHMO: photoelectron microspectroscopy;;http://purl.obolibrary.org/obo/CHMO_0000392;
CHMO:0000393;CHMO: extreme ultraviolet photoelectron microspectroscopy;;http://purl.obolibrary.org/obo/CHMO_0000393;
CHMO:0000394;CHMO: synchrotron radiation photoelectron spectroscopy;;http://purl.obolibrary.org/obo/CHMO_0000394;
CHMO:0000395;CHMO: angle-resolved synchotron radiation photoelectron spectroscopy;;http://purl.obolibrary.org/obo/CHMO_0000395;
CHMO:0000396;CHMO: constant-final-state spectroscopy;;http://purl.obolibrary.org/obo/CHMO_0000396;
CHMO:0000397;CHMO: constant-initial-state spectroscopy;;http://purl.obolibrary.org/obo/CHMO_0000397;
CHMO:0000398;CHMO: photoelectron yield spectroscopy;;http://purl.obolibrary.org/obo/CHMO_0000398;
CHMO:0000399;CHMO: partial-yield spectroscopy;;http://purl.obolibrary.org/obo/CHMO_0000399;
CHMO:0000400;CHMO: resonance-enhanced photoelectron spectroscopy;;http://purl.obolibrary.org/obo/CHMO_0000400;
CHMO:0000401;CHMO: ultraviolet photoelectron spectroscopy;;http://purl.obolibrary.org/obo/CHMO_0000401;
CHMO:0000402;CHMO: angle-resolved ultraviolet photoelectron spectroscopy;;http://purl.obolibrary.org/obo/CHMO_0000402;
CHMO:0000403;CHMO: vacuum ultraviolet photoelectron spectroscopy;;http://purl.obolibrary.org/obo/CHMO_0000403;
CHMO:0000404;CHMO: X-ray photoelectron spectroscopy;;http://purl.obolibrary.org/obo/CHMO_0000404;
CHMO:0000405;CHMO: angle-resolved X-ray photoelectron spectroscopy;;http://purl.obolibrary.org/obo/CHMO_0000405;
CHMO:0000406;CHMO: high-resolution X-ray photoelectron spectroscopy;;http://purl.obolibrary.org/obo/CHMO_0000406;
CHMO:0000407;CHMO: soft X-ray photoelectron spectroscopy;;http://purl.obolibrary.org/obo/CHMO_0000407;
CHMO:0000408;CHMO: high-resolution soft X-ray photoelectron spectroscopy;;http://purl.obolibrary.org/obo/CHMO_0000408;
CHMO:0000409;CHMO: valence-shell photoionisation spectroscopy;;http://purl.obolibrary.org/obo/CHMO_0000409;
CHMO:0000410;CHMO: zero kinetic energy electron spectroscopy;;http://purl.obolibrary.org/obo/CHMO_0000410;
CHMO:0000700;CHMO: X-ray–ultraviolet photoelectron spectroscopy;;http://purl.obolibrary.org/obo/CHMO_0000700;
CHMO:0002295;CHMO: electron-induced photoelectron spectroscopy;;http://purl.obolibrary.org/obo/CHMO_0002295;
CHMO:0002686;CHMO: photodetachment photoelectron spectroscopy;;http://purl.obolibrary.org/obo/CHMO_0002686;
CHMO:0002696;CHMO: photoelectron spectroscopy of adsorbed xenon;;http://purl.obolibrary.org/obo/CHMO_0002696;
CHMO:0000411;CHMO: secondary electron spectroscopy;;http://purl.obolibrary.org/obo/CHMO_0000411;
CHMO:0000412;CHMO: angle-resolved secondary electron spectroscopy;;http://purl.obolibrary.org/obo/CHMO_0000412;
CHMO:0000413;CHMO: spin-polarised secondary electron spectroscopy;;http://purl.obolibrary.org/obo/CHMO_0000413;
CHMO:0000414;CHMO: gamma-ray spectroscopy;;http://purl.obolibrary.org/obo/CHMO_0000414;
CHMO:0000415;CHMO: particle-induced gamma-ray emission spectroscopy;;http://purl.obolibrary.org/obo/CHMO_0000415;
CHMO:0000416;CHMO: gamma-ray scattering spectroscopy;;http://purl.obolibrary.org/obo/CHMO_0000416;
CHMO:0000417;CHMO: Mossbauer spectroscopy;;http://purl.obolibrary.org/obo/CHMO_0000417;
CHMO:0000418;CHMO: depth-selective Mossbauer spectroscopy;;http://purl.obolibrary.org/obo/CHMO_0000418;
CHMO:0002028;CHMO: 129Xe Mossbauer spectroscopy;;http://purl.obolibrary.org/obo/CHMO_0002028;
CHMO:0002029;CHMO: 127I Mossbauer spectroscopy;;http://purl.obolibrary.org/obo/CHMO_0002029;
CHMO:0002030;CHMO: 57Fe Mossbauer spectroscopy;;http://purl.obolibrary.org/obo/CHMO_0002030;
CHMO:0002031;CHMO: 119Sn Mossbauer spectroscopy;;http://purl.obolibrary.org/obo/CHMO_0002031;
CHMO:0002032;CHMO: 121Sb Mossbauer spectroscopy;;http://purl.obolibrary.org/obo/CHMO_0002032;
CHMO:0002033;CHMO: 125Te Mossbauer spectroscopy;;http://purl.obolibrary.org/obo/CHMO_0002033;
CHMO:0002034;CHMO: 151Eu Mossbauer spectroscopy;;http://purl.obolibrary.org/obo/CHMO_0002034;
CHMO:0002035;CHMO: 129I Mossbauer spectroscopy;;http://purl.obolibrary.org/obo/CHMO_0002035;
CHMO:0002036;CHMO: 197Au Mossbauer spectroscopy;;http://purl.obolibrary.org/obo/CHMO_0002036;
CHMO:0000419;CHMO: nuclear spectroscopy;;http://purl.obolibrary.org/obo/CHMO_0000419;
CHMO:0000421;CHMO: impedance spectroscopy;;http://purl.obolibrary.org/obo/CHMO_0000421;
CHMO:0000422;CHMO: alternating current impedance spectroscopy;;http://purl.obolibrary.org/obo/CHMO_0000422;
CHMO:0000423;CHMO: electrochemical-induced impedance spectroscopy;;http://purl.obolibrary.org/obo/CHMO_0000423;
CHMO:0000876;CHMO: Fourier transform electrochemical-induced impedance spectroscopy;;http://purl.obolibrary.org/obo/CHMO_0000876;
CHMO:0000424;CHMO: laser-induced impedance spectroscopy;;http://purl.obolibrary.org/obo/CHMO_0000424;
CHMO:0000425;CHMO: ion spectroscopy;;http://purl.obolibrary.org/obo/CHMO_0000425;
CHMO:0000426;CHMO: ion-beam spectroscopy;;http://purl.obolibrary.org/obo/CHMO_0000426;
CHMO:0000427;CHMO: direct recoil spectroscopy;;http://purl.obolibrary.org/obo/CHMO_0000427;
CHMO:0000428;CHMO: ion microprobe spectroscopy;;http://purl.obolibrary.org/obo/CHMO_0000428;
CHMO:0000429;CHMO: low-energy radioactive ion-beam spectroscopy;;http://purl.obolibrary.org/obo/CHMO_0000429;
CHMO:0000430;CHMO: ion mobility spectroscopy;;http://purl.obolibrary.org/obo/CHMO_0000430;
CHMO:0000431;CHMO: differential mobility spectroscopy;;http://purl.obolibrary.org/obo/CHMO_0000431;
CHMO:0000432;CHMO: drift tube ion mobility spectroscopy;;http://purl.obolibrary.org/obo/CHMO_0000432;
CHMO:0000434;CHMO: Rutherford backscattering spectroscopy;;http://purl.obolibrary.org/obo/CHMO_0000434;
CHMO:0000435;CHMO: laser spectroscopy;;http://purl.obolibrary.org/obo/CHMO_0000435;
CHMO:0000436;CHMO: laser absorption spectroscopy;;http://purl.obolibrary.org/obo/CHMO_0000436;
CHMO:0000437;CHMO: direct laser absorption spectroscopy;;http://purl.obolibrary.org/obo/CHMO_0000437;
CHMO:0000438;CHMO: collinear laser spectroscopy;;http://purl.obolibrary.org/obo/CHMO_0000438;
CHMO:0000439;CHMO: collinear fast atom-beam spectroscopy;;http://purl.obolibrary.org/obo/CHMO_0000439;
CHMO:0000440;CHMO: collinear laser ion-beam spectroscopy;;http://purl.obolibrary.org/obo/CHMO_0000440;
CHMO:0000441;CHMO: collinear fast ion-beam laser spectroscopy;;http://purl.obolibrary.org/obo/CHMO_0000441;
CHMO:0000442;CHMO: tunable diode laser absorption spectroscopy;;http://purl.obolibrary.org/obo/CHMO_0000442;
CHMO:0000443;CHMO: laser electric resonance spectroscopy;;http://purl.obolibrary.org/obo/CHMO_0000443;
CHMO:0000444;CHMO: frequency modulation spectroscopy;;http://purl.obolibrary.org/obo/CHMO_0000444;
CHMO:0001961;CHMO: laser transient absorption spectroscopy;;http://purl.obolibrary.org/obo/CHMO_0001961;
CHMO:0002233;CHMO: site-selection spectroscopy;;http://purl.obolibrary.org/obo/CHMO_0002233;
CHMO:0002234;CHMO: hole-burning spectroscopy;;http://purl.obolibrary.org/obo/CHMO_0002234;
CHMO:0000445;CHMO: indirect laser absorption spectroscopy;;http://purl.obolibrary.org/obo/CHMO_0000445;
CHMO:0000446;CHMO: intracavity laser absorption spectroscopy;;http://purl.obolibrary.org/obo/CHMO_0000446;
CHMO:0000447;CHMO: cavity enhanced absorption spectroscopy;;http://purl.obolibrary.org/obo/CHMO_0000447;
CHMO:0000448;CHMO: optical feedback cavity enhanced absorption spectroscopy;;http://purl.obolibrary.org/obo/CHMO_0000448;
CHMO:0000449;CHMO: super continuum cavity enhanced absorption spectroscopy;;http://purl.obolibrary.org/obo/CHMO_0000449;
CHMO:0000450;CHMO: cavity ring-down spectroscopy;;http://purl.obolibrary.org/obo/CHMO_0000450;
CHMO:0000451;CHMO: concentration modulated absorption spectroscopy;;http://purl.obolibrary.org/obo/CHMO_0000451;
CHMO:0000452;CHMO: laser dissociation spectroscopy;;http://purl.obolibrary.org/obo/CHMO_0000452;
CHMO:0000453;CHMO: multiphoton dissociation spectroscopy;;http://purl.obolibrary.org/obo/CHMO_0000453;
CHMO:0000454;CHMO: resonance enhanced multiphoton dissociation spectroscopy;;http://purl.obolibrary.org/obo/CHMO_0000454;
CHMO:0000455;CHMO: resonance ion dissociation spectroscopy;;http://purl.obolibrary.org/obo/CHMO_0000455;
CHMO:0000456;CHMO: laser induced fluorescence spectroscopy;;http://purl.obolibrary.org/obo/CHMO_0000456;
CHMO:0000457;CHMO: thermal lens spectroscopy;;http://purl.obolibrary.org/obo/CHMO_0000457;
CHMO:0000458;CHMO: visible thermal lens spectroscopy;;http://purl.obolibrary.org/obo/CHMO_0000458;
CHMO:0000459;CHMO: ultraviolet thermal lens spectroscopy;;http://purl.obolibrary.org/obo/CHMO_0000459;
CHMO:0001827;CHMO: Kerr effect spectroscopy;;http://purl.obolibrary.org/obo/CHMO_0001827;
CHMO:0001828;CHMO: Raman-induced Kerr effect spectroscopy;;http://purl.obolibrary.org/obo/CHMO_0001828;
CHMO:0001830;CHMO: optically-heterodyned Raman-induced Kerr effect spectroscopy;;http://purl.obolibrary.org/obo/CHMO_0001830;
CHMO:0001839;CHMO: femtosecond optically-heterodyned Raman-induced Kerr effect spectroscopy;;http://purl.obolibrary.org/obo/CHMO_0001839;
CHMO:0001833;CHMO: femtosecond Raman-induced Kerr effect spectroscopy;;http://purl.obolibrary.org/obo/CHMO_0001833;
CHMO:0001829;CHMO: magneto optical Kerr effect spectroscopy;;http://purl.obolibrary.org/obo/CHMO_0001829;
CHMO:0001837;CHMO: time-resolved optical Kerr effect spectroscopy;;http://purl.obolibrary.org/obo/CHMO_0001837;
CHMO:0001838;CHMO: optically-heterodyned Kerr effect spectroscopy;;http://purl.obolibrary.org/obo/CHMO_0001838;
CHMO:0002243;CHMO: electric-field-induced second harmonic generation spectroscopy;;http://purl.obolibrary.org/obo/CHMO_0002243;
CHMO:0000460;CHMO: laser emission spectroscopy;;http://purl.obolibrary.org/obo/CHMO_0000460;
CHMO:0000461;CHMO: laser micro emission spectroscopy;;http://purl.obolibrary.org/obo/CHMO_0000461;
CHMO:0000462;CHMO: laser ionisation spectroscopy;;http://purl.obolibrary.org/obo/CHMO_0000462;
CHMO:0000463;CHMO: resonance ionisation spectroscopy;;http://purl.obolibrary.org/obo/CHMO_0000463;
CHMO:0000464;CHMO: laser-enhanced ionisation spectroscopy;;http://purl.obolibrary.org/obo/CHMO_0000464;
CHMO:0000465;CHMO: laser multiphoton ionisation spectroscopy;;http://purl.obolibrary.org/obo/CHMO_0000465;
CHMO:0000466;CHMO: resonance enhanced multiphoton ionisation spectroscopy;;http://purl.obolibrary.org/obo/CHMO_0000466;
CHMO:0000467;CHMO: laser microprobe spectroscopy;;http://purl.obolibrary.org/obo/CHMO_0000467;
CHMO:0000468;CHMO: resonance-enhanced laser microprobe spectroscopy;;http://purl.obolibrary.org/obo/CHMO_0000468;
CHMO:0001962;CHMO: ultra-fast laser spectroscopy;;http://purl.obolibrary.org/obo/CHMO_0001962;
CHMO:0002100;CHMO: four-wave mixing spectroscopy;;http://purl.obolibrary.org/obo/CHMO_0002100;
CHMO:0002102;CHMO: degenerate four-wave mixing spectroscopy;;http://purl.obolibrary.org/obo/CHMO_0002102;
CHMO:0002103;CHMO: two-colour four-wave mixing spectroscopy;;http://purl.obolibrary.org/obo/CHMO_0002103;
CHMO:0002101;CHMO: femtosecond two-colour four-wave mixing spectroscopy;;http://purl.obolibrary.org/obo/CHMO_0002101;
CHMO:0002104;CHMO: terahertz four-wave mixing spectroscopy;;http://purl.obolibrary.org/obo/CHMO_0002104;
CHMO:0002186;CHMO: polarisation spectroscopy;;http://purl.obolibrary.org/obo/CHMO_0002186;
CHMO:0002445;CHMO: pump-probe spectroscopy;;http://purl.obolibrary.org/obo/CHMO_0002445;
CHMO:0002446;CHMO: femtosecond pump–probe spectroscopy;;http://purl.obolibrary.org/obo/CHMO_0002446;
CHMO:0002447;CHMO: pump–repump–probe spectroscopy;;http://purl.obolibrary.org/obo/CHMO_0002447;
CHMO:0002448;CHMO: pump–dump–probe spectroscopy;;http://purl.obolibrary.org/obo/CHMO_0002448;
CHMO:0002509;CHMO: flash photolysis;;http://purl.obolibrary.org/obo/CHMO_0002509;
CHMO:0002510;CHMO: laser flash photolysis;;http://purl.obolibrary.org/obo/CHMO_0002510;
CHMO:0002511;CHMO: nanosecond laser flash photolysis;;http://purl.obolibrary.org/obo/CHMO_0002511;
CHMO:0002512;CHMO: picosecond laser flash photolysis;;http://purl.obolibrary.org/obo/CHMO_0002512;
CHMO:0002513;CHMO: femtosecond laser flash photolysis;;http://purl.obolibrary.org/obo/CHMO_0002513;
CHMO:0002514;CHMO: diffuse reflectance laser flash photolysis;;http://purl.obolibrary.org/obo/CHMO_0002514;
CHMO:0000469;CHMO: optogalvanic spectroscopy;;http://purl.obolibrary.org/obo/CHMO_0000469;
CHMO:0000470;CHMO: mass spectrometry;;http://purl.obolibrary.org/obo/CHMO_0000470;
CHMO:0000471;CHMO: acceleration mass spectrometry;;http://purl.obolibrary.org/obo/CHMO_0000471;
CHMO:0000797;CHMO: orthogonal acceleration mass spectrometry;;http://purl.obolibrary.org/obo/CHMO_0000797;
CHMO:0000798;CHMO: orthogonal acceleration time of flight mass spectrometry;;http://purl.obolibrary.org/obo/CHMO_0000798;
CHMO:0000472;CHMO: chemical ionisation mass spectrometry;;http://purl.obolibrary.org/obo/CHMO_0000472;
CHMO:0000473;CHMO: atmospheric pressure chemical ionisation mass spectrometry;;http://purl.obolibrary.org/obo/CHMO_0000473;
CHMO:0002762;CHMO: negative mode atmospheric pressure chemical ionization mass spectrometry;;http://purl.obolibrary.org/obo/CHMO_0002762;
CHMO:0002763;CHMO: positive mode atmospheric pressure chemical ionization mass spectrometry;;http://purl.obolibrary.org/obo/CHMO_0002763;
CHMO:0000474;CHMO: desorption chemical ionisation mass spectrometry;;http://purl.obolibrary.org/obo/CHMO_0000474;
CHMO:0000475;CHMO: negative ion chemical ionisation mass spectrometry;;http://purl.obolibrary.org/obo/CHMO_0000475;
CHMO:0002763;CHMO: positive mode atmospheric pressure chemical ionization mass spectrometry;;http://purl.obolibrary.org/obo/CHMO_0002763;
CHMO:0000476;CHMO: positive ion chemical ionisation mass spectrometry;;http://purl.obolibrary.org/obo/CHMO_0000476;
CHMO:0002762;CHMO: negative mode atmospheric pressure chemical ionization mass spectrometry;;http://purl.obolibrary.org/obo/CHMO_0002762;
CHMO:0001268;CHMO: desorption atmospheric pressure chemical ionisation mass spectrometry;;http://purl.obolibrary.org/obo/CHMO_0001268;
CHMO:0000477;CHMO: collision-induced dissociation mass spectrometry;;http://purl.obolibrary.org/obo/CHMO_0000477;
CHMO:0000478;CHMO: electron capture negative ionisation mass spectrometry;;http://purl.obolibrary.org/obo/CHMO_0000478;
CHMO:0000481;CHMO: furnace atomisation electron ionisation mass spectrometry;;http://purl.obolibrary.org/obo/CHMO_0000481;
CHMO:0000482;CHMO: electrospray ionisation mass spectrometry;;http://purl.obolibrary.org/obo/CHMO_0000482;
CHMO:0000483;CHMO: cold-spray ionisation mass spectrometry;;http://purl.obolibrary.org/obo/CHMO_0000483;
CHMO:0000484;CHMO: desorption electrospray ionisation mass spectrometry;;http://purl.obolibrary.org/obo/CHMO_0000484;
CHMO:0000485;CHMO: high-resolution electrospray ionisation mass spectrometry;;http://purl.obolibrary.org/obo/CHMO_0000485;
CHMO:0000486;CHMO: ionspray mass spectrometry;;http://purl.obolibrary.org/obo/CHMO_0000486;
CHMO:0000487;CHMO: microelectrospray ionisation mass spectrometry;;http://purl.obolibrary.org/obo/CHMO_0000487;
CHMO:0000488;CHMO: nanoelectrospray ionisation mass spectrometry;;http://purl.obolibrary.org/obo/CHMO_0000488;
CHMO:0000489;CHMO: high-performance liquid chromatography-nanoelectrospray ionisation mass spectrometry;;http://purl.obolibrary.org/obo/CHMO_0000489;
CHMO:0000490;CHMO: secondary electrospray ionisation mass spectrometry;;http://purl.obolibrary.org/obo/CHMO_0000490;
CHMO:0000717;CHMO: extractive electrospray ionisation mass spectrometry;;http://purl.obolibrary.org/obo/CHMO_0000717;
CHMO:0000736;CHMO: electrospray ionisation time-of-flight mass spectrometry;;http://purl.obolibrary.org/obo/CHMO_0000736;
CHMO:0000737;CHMO: liquid chromatography-electrospray ionisation time-of-flight mass spectrometry;;http://purl.obolibrary.org/obo/CHMO_0000737;
CHMO:0001108;CHMO: positive electrospray ionisation time-of-flight mass spectrometry;;http://purl.obolibrary.org/obo/CHMO_0001108;
CHMO:0002541;CHMO: high-resolution electrospray ionisation time-of-flight mass spectrometry;;http://purl.obolibrary.org/obo/CHMO_0002541;
CHMO:0000751;CHMO: liquid chromatography-electrospray ionisation mass spectrometry;;http://purl.obolibrary.org/obo/CHMO_0000751;
CHMO:0000489;CHMO: high-performance liquid chromatography-nanoelectrospray ionisation mass spectrometry;;http://purl.obolibrary.org/obo/CHMO_0000489;
CHMO:0000737;CHMO: liquid chromatography-electrospray ionisation time-of-flight mass spectrometry;;http://purl.obolibrary.org/obo/CHMO_0000737;
CHMO:0000752;CHMO: nanoflow liquid chromatography-electrospray ionisation mass spectrometry;;http://purl.obolibrary.org/obo/CHMO_0000752;
CHMO:0002453;CHMO: liquid chromatography at the critical condition-electrospray ionisation mass spectrometry;;http://purl.obolibrary.org/obo/CHMO_0002453;
CHMO:0001107;CHMO: positive electrospray ionisation mass spectrometry;;http://purl.obolibrary.org/obo/CHMO_0001107;
CHMO:0002729;CHMO: paper spray mass spectrometry;;http://purl.obolibrary.org/obo/CHMO_0002729;
CHMO:0000491;CHMO: field ionisation mass spectrometry;;http://purl.obolibrary.org/obo/CHMO_0000491;
CHMO:0000492;CHMO: field desorption mass spectrometry;;http://purl.obolibrary.org/obo/CHMO_0000492;
CHMO:0000493;CHMO: pyrolysis field desorption mass spectrometry;;http://purl.obolibrary.org/obo/CHMO_0000493;
CHMO:0000496;CHMO: temperature-resolved pyrolysis field ionisation mass spectrometry;;http://purl.obolibrary.org/obo/CHMO_0000496;
CHMO:0000494;CHMO: high resolution field ionisation mass spectrometry;;http://purl.obolibrary.org/obo/CHMO_0000494;
CHMO:0000495;CHMO: pyrolysis field ionisation mass spectrometry;;http://purl.obolibrary.org/obo/CHMO_0000495;
CHMO:0000493;CHMO: pyrolysis field desorption mass spectrometry;;http://purl.obolibrary.org/obo/CHMO_0000493;
CHMO:0000496;CHMO: temperature-resolved pyrolysis field ionisation mass spectrometry;;http://purl.obolibrary.org/obo/CHMO_0000496;
CHMO:0000508;CHMO: gas chromatography-isotope ratio mass spectrometry;;http://purl.obolibrary.org/obo/CHMO_0000508;
CHMO:0000735;CHMO: gas chromatography time-of-flight mass spectrometry;;http://purl.obolibrary.org/obo/CHMO_0000735;
CHMO:0000872;CHMO: gas chromatography-inductively coupled plasma mass spectrometry;;http://purl.obolibrary.org/obo/CHMO_0000872;
CHMO:0002538;CHMO: parallel ICP-MS and EI-MS detection after GC separation;;http://purl.obolibrary.org/obo/CHMO_0002538;
CHMO:0002539;CHMO: low-temperature gas chromatography-inductively coupled plasma mass spectrometry;;http://purl.obolibrary.org/obo/CHMO_0002539;
CHMO:0002640;CHMO: thermal desorption-gas chromatography mass spectrometry;;http://purl.obolibrary.org/obo/CHMO_0002640;
CHMO:0001931;CHMO: automated thermal desorption-gas chromatography mass spectrometry;;http://purl.obolibrary.org/obo/CHMO_0001931;
CHMO:0001261;CHMO: pyrolysis gas chromatography-mass spectrometry;;http://purl.obolibrary.org/obo/CHMO_0001261;
CHMO:0002542;CHMO: gas chromatography electron ionisation mass spectrometry;;http://purl.obolibrary.org/obo/CHMO_0002542;
CHMO:0000498;CHMO: high-resolution mass spectrometry;;http://purl.obolibrary.org/obo/CHMO_0000498;
CHMO:0000499;CHMO: ion mobility spectrometry-mass spectrometry;;http://purl.obolibrary.org/obo/CHMO_0000499;
CHMO:0000500;CHMO: ion trap mass spectrometry;;http://purl.obolibrary.org/obo/CHMO_0000500;
CHMO:0000501;CHMO: ion cyclotron resonance mass spectrometry;;http://purl.obolibrary.org/obo/CHMO_0000501;
CHMO:0000502;CHMO: Fourier transform ion cyclotron resonance mass spectrometry;;http://purl.obolibrary.org/obo/CHMO_0000502;
CHMO:0000503;CHMO: high-resolution Fourier transform ion cyclotron resonance mass spectrometry;;http://purl.obolibrary.org/obo/CHMO_0000503;
CHMO:0000705;CHMO: electrospray ionisation Fourier transform ion cyclotron resonance mass spectrometry;;http://purl.obolibrary.org/obo/CHMO_0000705;
CHMO:0000504;CHMO: quadrupole mass spectrometry;;http://purl.obolibrary.org/obo/CHMO_0000504;
CHMO:0000505;CHMO: three-dimensional quadrupole mass spectrometry;;http://purl.obolibrary.org/obo/CHMO_0000505;
CHMO:0002719;CHMO: quadrupole time-of-flight mass spectrometry;;http://purl.obolibrary.org/obo/CHMO_0002719;
CHMO:0001284;CHMO: nanoflow high-performance liquid chromatography electrospray-ionisation quadrupole time-of-flight tandem mass spectrometry;;http://purl.obolibrary.org/obo/CHMO_0001284;
CHMO:0000753;CHMO: liquid chromatography-ion trap mass spectrometry;;http://purl.obolibrary.org/obo/CHMO_0000753;
CHMO:0000754;CHMO: nanoflow liquid chromatography chip enabled ion trap mass spectrometry;;http://purl.obolibrary.org/obo/CHMO_0000754;
CHMO:0002925;CHMO: Fourier transform mass spectrometry;;http://purl.obolibrary.org/obo/CHMO_0002925;
CHMO:0000502;CHMO: Fourier transform ion cyclotron resonance mass spectrometry;;http://purl.obolibrary.org/obo/CHMO_0000502;
CHMO:0000503;CHMO: high-resolution Fourier transform ion cyclotron resonance mass spectrometry;;http://purl.obolibrary.org/obo/CHMO_0000503;
CHMO:0000705;CHMO: electrospray ionisation Fourier transform ion cyclotron resonance mass spectrometry;;http://purl.obolibrary.org/obo/CHMO_0000705;
CHMO:0002926;CHMO: Orbitrap mass spectrometry;;http://purl.obolibrary.org/obo/CHMO_0002926;
CHMO:0000506;CHMO: isotope ratio mass spectrometry;;http://purl.obolibrary.org/obo/CHMO_0000506;
CHMO:0000507;CHMO: elemental analysis isotope ratio mass spectrometry;;http://purl.obolibrary.org/obo/CHMO_0000507;
CHMO:0000508;CHMO: gas chromatography-isotope ratio mass spectrometry;;http://purl.obolibrary.org/obo/CHMO_0000508;
CHMO:0000509;CHMO: liquid chromatography-isotope ratio mass spectrometry;;http://purl.obolibrary.org/obo/CHMO_0000509;
CHMO:0000512;CHMO: high-performance liquid chromatography-isotope dilution inductively coupled plasma mass spectrometry;;http://purl.obolibrary.org/obo/CHMO_0000512;
CHMO:0000510;CHMO: isotope dilution mass spectrometry;;http://purl.obolibrary.org/obo/CHMO_0000510;
CHMO:0000511;CHMO: isotope dilution inductively coupled plasma mass spectrometry;;http://purl.obolibrary.org/obo/CHMO_0000511;
CHMO:0000512;CHMO: high-performance liquid chromatography-isotope dilution inductively coupled plasma mass spectrometry;;http://purl.obolibrary.org/obo/CHMO_0000512;
CHMO:0000513;CHMO: isotope dilution inductively coupled plasma quadrupole mass spectrometry;;http://purl.obolibrary.org/obo/CHMO_0000513;
CHMO:0000514;CHMO: stable isotope ratio mass spectrometry;;http://purl.obolibrary.org/obo/CHMO_0000514;
CHMO:0000886;CHMO: dual-inlet isotope ratio mass spectrometry;;http://purl.obolibrary.org/obo/CHMO_0000886;
CHMO:0000887;CHMO: continuous-flow isotope ratio mass spectrometry;;http://purl.obolibrary.org/obo/CHMO_0000887;
CHMO:0000509;CHMO: liquid chromatography-isotope ratio mass spectrometry;;http://purl.obolibrary.org/obo/CHMO_0000509;
CHMO:0000512;CHMO: high-performance liquid chromatography-isotope dilution inductively coupled plasma mass spectrometry;;http://purl.obolibrary.org/obo/CHMO_0000512;
CHMO:0000523;CHMO: liquid chromatography-matrix-assisted laser desorption-ionisation mass spectrometry;;http://purl.obolibrary.org/obo/CHMO_0000523;
CHMO:0000552;CHMO: liquid chromatography-inductively coupled plasma mass spectrometry;;http://purl.obolibrary.org/obo/CHMO_0000552;
CHMO:0000543;CHMO: high performance liquid chromatography-inductively coupled plasma mass spectrometry;;http://purl.obolibrary.org/obo/CHMO_0000543;
CHMO:0000544;CHMO: high-performance liquid chromatography fluorescence detection-inductively coupled plasma mass spectrometry;;http://purl.obolibrary.org/obo/CHMO_0000544;
CHMO:0000545;CHMO: high-performance liquid chromatography photodiode array-inductively coupled plasma mass spectrometry;;http://purl.obolibrary.org/obo/CHMO_0000545;
CHMO:0000555;CHMO: size-exclusion chromatography-high-performance liquid chromatography-inductively coupled plasma mass spectrometry;;http://purl.obolibrary.org/obo/CHMO_0000555;
CHMO:0001277;CHMO: reversed-phase high-performance liquid chromatography-inductively coupled plasma mass spectrometry;;http://purl.obolibrary.org/obo/CHMO_0001277;
CHMO:0001281;CHMO: nanoflow high-performance liquid chromatography-inductively coupled plasma mass spectrometry;;http://purl.obolibrary.org/obo/CHMO_0001281;
CHMO:0001283;CHMO: reversed-phase nanoflow high-performance liquid chromatography-inductively coupled plasma mass spectrometry;;http://purl.obolibrary.org/obo/CHMO_0001283;
;;;;
CHMO:0000738;CHMO: reversed-phase liquid chromatography-electrospray ionisation tandem mass spectrometry;;http://purl.obolibrary.org/obo/CHMO_0000738;
CHMO:0001834;CHMO: nanoflow liquid chromatography-tandem mass spectrometry;;http://purl.obolibrary.org/obo/CHMO_0001834;
CHMO:0001836;CHMO: two-dimensional liquid chromatography-tandem mass spectrometry;;http://purl.obolibrary.org/obo/CHMO_0001836;
CHMO:0002000;CHMO: strong-cation-exchange reversed-phase high-performance liquid chromatography inductively coupled plasma mass spectrometry;;http://purl.obolibrary.org/obo/CHMO_0002000;
CHMO:0002009;CHMO: strong-cation-exchange reversed-phase high-performance liquid chromatography atmospheric pressure chemical ionisation tandem mass spectrometry;;http://purl.obolibrary.org/obo/CHMO_0002009;
CHMO:0002024;CHMO: tandem dual-column high-performance liquid chromatography atmospheric pressure chemical ionisation tandem mass spectrometry;;http://purl.obolibrary.org/obo/CHMO_0002024;
CHMO:0000751;CHMO: liquid chromatography-electrospray ionisation mass spectrometry;;http://purl.obolibrary.org/obo/CHMO_0000751;
CHMO:0000489;CHMO: high-performance liquid chromatography-nanoelectrospray ionisation mass spectrometry;;http://purl.obolibrary.org/obo/CHMO_0000489;
CHMO:0000737;CHMO: liquid chromatography-electrospray ionisation time-of-flight mass spectrometry;;http://purl.obolibrary.org/obo/CHMO_0000737;
CHMO:0000752;CHMO: nanoflow liquid chromatography-electrospray ionisation mass spectrometry;;http://purl.obolibrary.org/obo/CHMO_0000752;
CHMO:0002453;CHMO: liquid chromatography at the critical condition-electrospray ionisation mass spectrometry;;http://purl.obolibrary.org/obo/CHMO_0002453;
CHMO:0000753;CHMO: liquid chromatography-ion trap mass spectrometry;;http://purl.obolibrary.org/obo/CHMO_0000753;
CHMO:0000754;CHMO: nanoflow liquid chromatography chip enabled ion trap mass spectrometry;;http://purl.obolibrary.org/obo/CHMO_0000754;
CHMO:0000489;CHMO: high-performance liquid chromatography-nanoelectrospray ionisation mass spectrometry;;http://purl.obolibrary.org/obo/CHMO_0000489;
CHMO:0000512;CHMO: high-performance liquid chromatography-isotope dilution inductively coupled plasma mass spectrometry;;http://purl.obolibrary.org/obo/CHMO_0000512;
CHMO:0000543;CHMO: high performance liquid chromatography-inductively coupled plasma mass spectrometry;;http://purl.obolibrary.org/obo/CHMO_0000543;
CHMO:0000544;CHMO: high-performance liquid chromatography fluorescence detection-inductively coupled plasma mass spectrometry;;http://purl.obolibrary.org/obo/CHMO_0000544;
CHMO:0000545;CHMO: high-performance liquid chromatography photodiode array-inductively coupled plasma mass spectrometry;;http://purl.obolibrary.org/obo/CHMO_0000545;
CHMO:0000555;CHMO: size-exclusion chromatography-high-performance liquid chromatography-inductively coupled plasma mass spectrometry;;http://purl.obolibrary.org/obo/CHMO_0000555;
CHMO:0001277;CHMO: reversed-phase high-performance liquid chromatography-inductively coupled plasma mass spectrometry;;http://purl.obolibrary.org/obo/CHMO_0001277;
CHMO:0001281;CHMO: nanoflow high-performance liquid chromatography-inductively coupled plasma mass spectrometry;;http://purl.obolibrary.org/obo/CHMO_0001281;
CHMO:0001283;CHMO: reversed-phase nanoflow high-performance liquid chromatography-inductively coupled plasma mass spectrometry;;http://purl.obolibrary.org/obo/CHMO_0001283;
CHMO:0000715;CHMO: ultra-performance liquid chromatography-mass spectrometry;;http://purl.obolibrary.org/obo/CHMO_0000715;
CHMO:0000716;CHMO: high-performance liquid chromatography-nuclear magnetic resonance-mass spectrometry;;http://purl.obolibrary.org/obo/CHMO_0000716;
CHMO:0002709;CHMO: liquid chromatography-nuclear magnetic resonance-mass spectrometry;;http://purl.obolibrary.org/obo/CHMO_0002709;
CHMO:0002452;CHMO: liquid chromatography at the critical condition-mass spectrometry;;http://purl.obolibrary.org/obo/CHMO_0002452;
CHMO:0002453;CHMO: liquid chromatography at the critical condition-electrospray ionisation mass spectrometry;;http://purl.obolibrary.org/obo/CHMO_0002453;
CHMO:0000530;CHMO: sonic spray mass spectrometry;;http://purl.obolibrary.org/obo/CHMO_0000530;
CHMO:0000531;CHMO: thermospray mass spectrometry;;http://purl.obolibrary.org/obo/CHMO_0000531;
CHMO:0000532;CHMO: thermal ionisation mass spectrometry;;http://purl.obolibrary.org/obo/CHMO_0000532;
CHMO:0000533;CHMO: particle beam mass spectrometry;;http://purl.obolibrary.org/obo/CHMO_0000533;
CHMO:0000534;CHMO: plasma mass spectrometry;;http://purl.obolibrary.org/obo/CHMO_0000534;
CHMO:0000535;CHMO: capacitively coupled plasma mass spectrometry;;http://purl.obolibrary.org/obo/CHMO_0000535;
CHMO:0000536;CHMO: electron cyclotron resonance mass spectrometry;;http://purl.obolibrary.org/obo/CHMO_0000536;
CHMO:0000538;CHMO: inductively coupled plasma mass spectrometry;;http://purl.obolibrary.org/obo/CHMO_0000538;
CHMO:0000539;CHMO: electrothermal vaporisation inductively coupled plasma mass spectrometry;;http://purl.obolibrary.org/obo/CHMO_0000539;
CHMO:0000540;CHMO: slurry electrothermal vaporisation inductively coupled plasma mass spectrometry;;http://purl.obolibrary.org/obo/CHMO_0000540;
CHMO:0000541;CHMO: slurry nebulisation electrothermal vaporisation inductively coupled plasma mass spectrometry;;http://purl.obolibrary.org/obo/CHMO_0000541;
CHMO:0000542;CHMO: solid sampling electrothermal vaporisation inductively coupled plasma mass spectrometry;;http://purl.obolibrary.org/obo/CHMO_0000542;
CHMO:0001791;CHMO: low-temperature electrothermal vaporisation inductively coupled plasma mass spectrometry;;http://purl.obolibrary.org/obo/CHMO_0001791;
CHMO:0000546;CHMO: high-resolution inductively coupled plasma mass spectrometry;;http://purl.obolibrary.org/obo/CHMO_0000546;
CHMO:0000547;CHMO: inductively coupled plasma field sector mass spectrometry;;http://purl.obolibrary.org/obo/CHMO_0000547;
CHMO:0000548;CHMO: inductively coupled plasma three dimensional quadrupole mass spectrometry;;http://purl.obolibrary.org/obo/CHMO_0000548;
CHMO:0000549;CHMO: inductively coupled plasma time-of-flight mass spectrometry;;http://purl.obolibrary.org/obo/CHMO_0000549;
CHMO:0000550;CHMO: laser ablation inductively coupled plasma mass spectrometry;;http://purl.obolibrary.org/obo/CHMO_0000550;
CHMO:0000551;CHMO: laser ablation inductively coupled plasma time-of-flight mass spectrometry;;http://purl.obolibrary.org/obo/CHMO_0000551;
CHMO:0000552;CHMO: liquid chromatography-inductively coupled plasma mass spectrometry;;http://purl.obolibrary.org/obo/CHMO_0000552;
CHMO:0000543;CHMO: high performance liquid chromatography-inductively coupled plasma mass spectrometry;;http://purl.obolibrary.org/obo/CHMO_0000543;
CHMO:0000544;CHMO: high-performance liquid chromatography fluorescence detection-inductively coupled plasma mass spectrometry;;http://purl.obolibrary.org/obo/CHMO_0000544;
CHMO:0000545;CHMO: high-performance liquid chromatography photodiode array-inductively coupled plasma mass spectrometry;;http://purl.obolibrary.org/obo/CHMO_0000545;
CHMO:0000555;CHMO: size-exclusion chromatography-high-performance liquid chromatography-inductively coupled plasma mass spectrometry;;http://purl.obolibrary.org/obo/CHMO_0000555;
CHMO:0001277;CHMO: reversed-phase high-performance liquid chromatography-inductively coupled plasma mass spectrometry;;http://purl.obolibrary.org/obo/CHMO_0001277;
CHMO:0001281;CHMO: nanoflow high-performance liquid chromatography-inductively coupled plasma mass spectrometry;;http://purl.obolibrary.org/obo/CHMO_0001281;
CHMO:0001283;CHMO: reversed-phase nanoflow high-performance liquid chromatography-inductively coupled plasma mass spectrometry;;http://purl.obolibrary.org/obo/CHMO_0001283;
CHMO:0000553;CHMO: multiple collector inductively coupled plasma mass spectrometry;;http://purl.obolibrary.org/obo/CHMO_0000553;
CHMO:0000554;CHMO: size-exclusion chromatography-inductively coupled plasma mass spectrometry;;http://purl.obolibrary.org/obo/CHMO_0000554;
CHMO:0000555;CHMO: size-exclusion chromatography-high-performance liquid chromatography-inductively coupled plasma mass spectrometry;;http://purl.obolibrary.org/obo/CHMO_0000555;
CHMO:0000556;CHMO: solution inductively coupled plasma mass spectrometry;;http://purl.obolibrary.org/obo/CHMO_0000556;
CHMO:0000557;CHMO: solution nebulisation inductively coupled plasma mass spectrometry;;http://purl.obolibrary.org/obo/CHMO_0000557;
CHMO:0000703;CHMO: capillary electrophoresis-inductively coupled plasma mass spectrometry;;http://purl.obolibrary.org/obo/CHMO_0000703;
CHMO:0000750;CHMO: capillary liquid chromatography-inductively coupled plasma mass spectrometry;;http://purl.obolibrary.org/obo/CHMO_0000750;
CHMO:0000871;CHMO: dynamic reaction cell inductively coupled plasma mass spectrometry;;http://purl.obolibrary.org/obo/CHMO_0000871;
CHMO:0000872;CHMO: gas chromatography-inductively coupled plasma mass spectrometry;;http://purl.obolibrary.org/obo/CHMO_0000872;
CHMO:0002538;CHMO: parallel ICP-MS and EI-MS detection after GC separation;;http://purl.obolibrary.org/obo/CHMO_0002538;
CHMO:0002539;CHMO: low-temperature gas chromatography-inductively coupled plasma mass spectrometry;;http://purl.obolibrary.org/obo/CHMO_0002539;
CHMO:0002640;CHMO: thermal desorption-gas chromatography mass spectrometry;;http://purl.obolibrary.org/obo/CHMO_0002640;
CHMO:0001931;CHMO: automated thermal desorption-gas chromatography mass spectrometry;;http://purl.obolibrary.org/obo/CHMO_0001931;
CHMO:0000873;CHMO: ion-exchange chromatography-inductively coupled plasma mass spectrometry;;http://purl.obolibrary.org/obo/CHMO_0000873;
CHMO:0002281;CHMO: ion-pair chromatography-inductively coupled plasma mass spectrometry;;http://purl.obolibrary.org/obo/CHMO_0002281;
CHMO:0000558;CHMO: microwave-induced plasma mass spectrometry;;http://purl.obolibrary.org/obo/CHMO_0000558;
CHMO:0000559;CHMO: plasma desorption mass spectrometry;;http://purl.obolibrary.org/obo/CHMO_0000559;
CHMO:0000711;CHMO: low-temperature plasma mass spectrometry;;http://purl.obolibrary.org/obo/CHMO_0000711;
CHMO:0000741;CHMO: discharge mass spectrometry;;http://purl.obolibrary.org/obo/CHMO_0000741;
CHMO:0000537;CHMO: glow-discharge mass spectrometry;;http://purl.obolibrary.org/obo/CHMO_0000537;
CHMO:0000756;CHMO: atmospheric pressure glow discharge mass spectrometry;;http://purl.obolibrary.org/obo/CHMO_0000756;
CHMO:0000742;CHMO: dielectric barrier discharge ionisation mass spectrometry;;http://purl.obolibrary.org/obo/CHMO_0000742;
CHMO:0000883;CHMO: plasma-assisted desorption–ionisation mass spectrometry;;http://purl.obolibrary.org/obo/CHMO_0000883;
CHMO:0000560;CHMO: secondary ion mass spectrometry;;http://purl.obolibrary.org/obo/CHMO_0000560;
CHMO:0000561;CHMO: dynamic secondary ion mass spectrometry;;http://purl.obolibrary.org/obo/CHMO_0000561;
CHMO:0000562;CHMO: sputtered neutral atom mass spectrometry;;http://purl.obolibrary.org/obo/CHMO_0000562;
CHMO:0000563;CHMO: fast-atom bombardment mass spectrometry;;http://purl.obolibrary.org/obo/CHMO_0000563;
CHMO:0000726;CHMO: high resolution fast-atom bombardment mass spectrometry;;http://purl.obolibrary.org/obo/CHMO_0000726;
CHMO:0000564;CHMO: mass spectrometry of recoiled ions;;http://purl.obolibrary.org/obo/CHMO_0000564;
CHMO:0000565;CHMO: time-of-flight secondary ion mass spectrometry;;http://purl.obolibrary.org/obo/CHMO_0000565;
CHMO:0000566;CHMO: secondary electron emission mass spectrometry;;http://purl.obolibrary.org/obo/CHMO_0000566;
CHMO:0000568;CHMO: sector field mass spectrometry;;http://purl.obolibrary.org/obo/CHMO_0000568;
CHMO:0000569;CHMO: selected ion flow tube mass spectrometry;;http://purl.obolibrary.org/obo/CHMO_0000569;
CHMO:0000570;CHMO: proton transfer reaction mass spectrometry;;http://purl.obolibrary.org/obo/CHMO_0000570;
CHMO:0000571;CHMO: selective ion monitoring;;http://purl.obolibrary.org/obo/CHMO_0000571;
CHMO:0000572;CHMO: single-ion monitoring;;http://purl.obolibrary.org/obo/CHMO_0000572;
CHMO:0000573;CHMO: multiple-ion monitoring;;http://purl.obolibrary.org/obo/CHMO_0000573;
CHMO:0000574;CHMO: spark source mass spectrometry;;http://purl.obolibrary.org/obo/CHMO_0000574;
CHMO:0000575;CHMO: tandem mass spectrometry;;http://purl.obolibrary.org/obo/CHMO_0000575;
CHMO:0000576;CHMO: collision-induced dissociation tandem mass spectrometry;;http://purl.obolibrary.org/obo/CHMO_0000576;
CHMO:0000577;CHMO: electrospray ionisation tandem mass spectrometry;;http://purl.obolibrary.org/obo/CHMO_0000577;
CHMO:0000578;CHMO: high-performance liquid chromatography-electrospray ionisation tandem mass spectrometry;;http://purl.obolibrary.org/obo/CHMO_0000578;
CHMO:0001282;CHMO: nanoflow high-performance liquid chromatography-electrospray ionisation tandem mass spectrometry;;http://purl.obolibrary.org/obo/CHMO_0001282;
CHMO:0000738;CHMO: reversed-phase liquid chromatography-electrospray ionisation tandem mass spectrometry;;http://purl.obolibrary.org/obo/CHMO_0000738;
CHMO:0001109;CHMO: positive electrospray ionisation tandem mass spectrometry;;http://purl.obolibrary.org/obo/CHMO_0001109;
CHMO:0000579;CHMO: tandem quadrupole mass spectrometry;;http://purl.obolibrary.org/obo/CHMO_0000579;
CHMO:0000701;CHMO: liquid chromatography-tandem mass spectrometry;;http://purl.obolibrary.org/obo/CHMO_0000701;
CHMO:0000738;CHMO: reversed-phase liquid chromatography-electrospray ionisation tandem mass spectrometry;;http://purl.obolibrary.org/obo/CHMO_0000738;
CHMO:0001834;CHMO: nanoflow liquid chromatography-tandem mass spectrometry;;http://purl.obolibrary.org/obo/CHMO_0001834;
CHMO:0001836;CHMO: two-dimensional liquid chromatography-tandem mass spectrometry;;http://purl.obolibrary.org/obo/CHMO_0001836;
CHMO:0002000;CHMO: strong-cation-exchange reversed-phase high-performance liquid chromatography inductively coupled plasma mass spectrometry;;http://purl.obolibrary.org/obo/CHMO_0002000;
CHMO:0002009;CHMO: strong-cation-exchange reversed-phase high-performance liquid chromatography atmospheric pressure chemical ionisation tandem mass spectrometry;;http://purl.obolibrary.org/obo/CHMO_0002009;
CHMO:0002024;CHMO: tandem dual-column high-performance liquid chromatography atmospheric pressure chemical ionisation tandem mass spectrometry;;http://purl.obolibrary.org/obo/CHMO_0002024;
CHMO:0000757;CHMO: atmospheric pressure glow discharge tandem mass spectrometry;;http://purl.obolibrary.org/obo/CHMO_0000757;
CHMO:0002098;CHMO: electron transfer dissociation tandem mass spectrometry;;http://purl.obolibrary.org/obo/CHMO_0002098;
CHMO:0002867;CHMO: selected reaction monitoring;;http://purl.obolibrary.org/obo/CHMO_0002867;
CHMO:0002868;CHMO: consecutive reaction monitoring;;http://purl.obolibrary.org/obo/CHMO_0002868;
CHMO:0002869;CHMO: multiple reaction monitoring;;http://purl.obolibrary.org/obo/CHMO_0002869;
CHMO:0002870;CHMO: parallel reaction monitoring;;http://purl.obolibrary.org/obo/CHMO_0002870;
CHMO:0000580;CHMO: time-of-flight mass spectrometry;;http://purl.obolibrary.org/obo/CHMO_0000580;
CHMO:0000734;CHMO: matrix-assisted laser desorption–ionisation quadrupole time-of-flight mass spectrometry;;http://purl.obolibrary.org/obo/CHMO_0000734;
CHMO:0000735;CHMO: gas chromatography time-of-flight mass spectrometry;;http://purl.obolibrary.org/obo/CHMO_0000735;
CHMO:0001274;CHMO: electrospray-ionisation quadrupole time-of-flight mass spectrometry;;http://purl.obolibrary.org/obo/CHMO_0001274;
CHMO:0001275;CHMO: electrospray-ionisation quadrupole time-of-flight tandem mass spectrometry;;http://purl.obolibrary.org/obo/CHMO_0001275;
CHMO:0000706;CHMO: electrophoresis-mass spectrometry;;http://purl.obolibrary.org/obo/CHMO_0000706;
CHMO:0000702;CHMO: capillary electrophoresis-mass spectrometry;;http://purl.obolibrary.org/obo/CHMO_0000702;
CHMO:0000703;CHMO: capillary electrophoresis-inductively coupled plasma mass spectrometry;;http://purl.obolibrary.org/obo/CHMO_0000703;
CHMO:0000707;CHMO: two-dimensional gel electrophoresis-mass spectrometry;;http://purl.obolibrary.org/obo/CHMO_0000707;
CHMO:0000710;CHMO: ambient ionisation mass spectrometry;;http://purl.obolibrary.org/obo/CHMO_0000710;
CHMO:0000704;CHMO: direct analysis in real time mass spectrometry;;http://purl.obolibrary.org/obo/CHMO_0000704;
CHMO:0000708;CHMO: direct analysis in real time time-of-flight mass spectrometry;;http://purl.obolibrary.org/obo/CHMO_0000708;
CHMO:0000712;CHMO: laser mass spectrometry;;http://purl.obolibrary.org/obo/CHMO_0000712;
CHMO:0000515;CHMO: laser desorption-ionisation mass spectrometry;;http://purl.obolibrary.org/obo/CHMO_0000515;
CHMO:0000519;CHMO: matrix-assisted laser desorption-ionisation mass spectrometry;;http://purl.obolibrary.org/obo/CHMO_0000519;
CHMO:0000520;CHMO: matrix-assisted laser desorption-ionisation time-of-flight mass spectrometry;;http://purl.obolibrary.org/obo/CHMO_0000520;
CHMO:0002650;CHMO: positive ion matrix-assisted laser desorption–ionisation time-of-flight mass spectrometry;;http://purl.obolibrary.org/obo/CHMO_0002650;
CHMO:0000521;CHMO: sol-gel-assisted laser desorption-ionisation mass spectrometry;;http://purl.obolibrary.org/obo/CHMO_0000521;
CHMO:0000868;CHMO: sol–gel-assisted laser desorption-ionisation time-of-flight mass spectrometry;;http://purl.obolibrary.org/obo/CHMO_0000868;
CHMO:0000522;CHMO: surface-enhanced laser desorption-ionisation mass spectrometry;;http://purl.obolibrary.org/obo/CHMO_0000522;
CHMO:0000869;CHMO: surface-enhanced laser desorption–ionisation time-of-flight mass spectrometry;;http://purl.obolibrary.org/obo/CHMO_0000869;
CHMO:0000523;CHMO: liquid chromatography-matrix-assisted laser desorption-ionisation mass spectrometry;;http://purl.obolibrary.org/obo/CHMO_0000523;
CHMO:0000884;CHMO: electrospray-assisted laser desorption-ionisation mass spectrometry;;http://purl.obolibrary.org/obo/CHMO_0000884;
CHMO:0000516;CHMO: laser microprobe mass spectrometry;;http://purl.obolibrary.org/obo/CHMO_0000516;
CHMO:0000517;CHMO: negative ion laser desorption mass spectrometry;;http://purl.obolibrary.org/obo/CHMO_0000517;
CHMO:0000518;CHMO: positive ion laser desorption mass spectrometry;;http://purl.obolibrary.org/obo/CHMO_0000518;
CHMO:0002650;CHMO: positive ion matrix-assisted laser desorption–ionisation time-of-flight mass spectrometry;;http://purl.obolibrary.org/obo/CHMO_0002650;
CHMO:0000525;CHMO: photoionisation mass spectrometry;;http://purl.obolibrary.org/obo/CHMO_0000525;
CHMO:0000526;CHMO: atmospheric pressure photoionisation mass spectrometry;;http://purl.obolibrary.org/obo/CHMO_0000526;
CHMO:0000527;CHMO: multiphoton ionisation mass spectrometry;;http://purl.obolibrary.org/obo/CHMO_0000527;
CHMO:0000528;CHMO: resonance-enhanced multiphoton ionisation mass spectrometry;;http://purl.obolibrary.org/obo/CHMO_0000528;
CHMO:0000529;CHMO: resonance ionisation mass spectrometry;;http://purl.obolibrary.org/obo/CHMO_0000529;
CHMO:0000860;CHMO: thermogravimetry-mass spectrometry;;http://purl.obolibrary.org/obo/CHMO_0000860;
CHMO:0001113;CHMO: membrane-inlet mass spectrometry;;http://purl.obolibrary.org/obo/CHMO_0001113;
CHMO:0001265;CHMO: pyrolysis mass spectrometry;;http://purl.obolibrary.org/obo/CHMO_0001265;
CHMO:0001785;CHMO: rotating-field mass spectrometry;;http://purl.obolibrary.org/obo/CHMO_0001785;
CHMO:0001786;CHMO: RapidFire(R) mass spectrometry;;http://purl.obolibrary.org/obo/CHMO_0001786;
CHMO:0001995;CHMO: atomic mass spectrometry;;http://purl.obolibrary.org/obo/CHMO_0001995;
CHMO:0001996;CHMO: molecular mass spectrometry;;http://purl.obolibrary.org/obo/CHMO_0001996;
CHMO:0002004;CHMO: two-dimensional chromatography-mass spectrometry;;http://purl.obolibrary.org/obo/CHMO_0002004;
CHMO:0002007;CHMO: two-dimensional liquid chromatography-mass spectrometry;;http://purl.obolibrary.org/obo/CHMO_0002007;
CHMO:0001836;CHMO: two-dimensional liquid chromatography-tandem mass spectrometry;;http://purl.obolibrary.org/obo/CHMO_0001836;
CHMO:0002000;CHMO: strong-cation-exchange reversed-phase high-performance liquid chromatography inductively coupled plasma mass spectrometry;;http://purl.obolibrary.org/obo/CHMO_0002000;
CHMO:0002009;CHMO: strong-cation-exchange reversed-phase high-performance liquid chromatography atmospheric pressure chemical ionisation tandem mass spectrometry;;http://purl.obolibrary.org/obo/CHMO_0002009;
CHMO:0002024;CHMO: tandem dual-column high-performance liquid chromatography atmospheric pressure chemical ionisation tandem mass spectrometry;;http://purl.obolibrary.org/obo/CHMO_0002024;
CHMO:0002008;CHMO: two-dimensional high-performance liquid chromatography-mass spectrometry;;http://purl.obolibrary.org/obo/CHMO_0002008;
CHMO:0002006;CHMO: tandem dual-column high-performance liquid chromatography inductively coupled plasma mass spectrometry;;http://purl.obolibrary.org/obo/CHMO_0002006;
CHMO:0000585;CHMO: rotational spectroscopy;;http://purl.obolibrary.org/obo/CHMO_0000585;
CHMO:0000586;CHMO: microwave spectroscopy;;http://purl.obolibrary.org/obo/CHMO_0000586;
CHMO:0000587;CHMO: Fourier transform microwave spectroscopy;;http://purl.obolibrary.org/obo/CHMO_0000587;
CHMO:0000588;CHMO: molecular beam Fourier transform microwave spectroscopy;;http://purl.obolibrary.org/obo/CHMO_0000588;
CHMO:0000589;CHMO: laser ablation molecular beam Fourier transform microwave spectroscopy;;http://purl.obolibrary.org/obo/CHMO_0000589;
CHMO:0000632;CHMO: far-infrared spectroscopy;;http://purl.obolibrary.org/obo/CHMO_0000632;
CHMO:0001069;CHMO: far-infrared magnetic resonance spectroscopy;;http://purl.obolibrary.org/obo/CHMO_0001069;
CHMO:0002701;CHMO: Fourier transform far-infrared spectroscopy;;http://purl.obolibrary.org/obo/CHMO_0002701;
CHMO:0000590;CHMO: neutron spectroscopy;;http://purl.obolibrary.org/obo/CHMO_0000590;
CHMO:0000619;CHMO: photoacoustic spectroscopy;;http://purl.obolibrary.org/obo/CHMO_0000619;
CHMO:0000620;CHMO: infrared photoacoustic spectroscopy;;http://purl.obolibrary.org/obo/CHMO_0000620;
CHMO:0000621;CHMO: Fourier transform infrared photoacoustic spectroscopy;;http://purl.obolibrary.org/obo/CHMO_0000621;
CHMO:0000622;CHMO: photothermal spectroscopy;;http://purl.obolibrary.org/obo/CHMO_0000622;
CHMO:0000623;CHMO: scanning tunnelling spectroscopy;;http://purl.obolibrary.org/obo/CHMO_0000623;
CHMO:0000624;CHMO: surface plasmon resonance spectroscopy;;http://purl.obolibrary.org/obo/CHMO_0000624;
CHMO:0000625;CHMO: electrochemical surface plasmon resonance spectroscopy;;http://purl.obolibrary.org/obo/CHMO_0000625;
CHMO:0000626;CHMO: surface plasmon resonance imaging;;http://purl.obolibrary.org/obo/CHMO_0000626;
CHMO:0002175;CHMO: localised surface plasmon resonance spectroscopy;;http://purl.obolibrary.org/obo/CHMO_0002175;
CHMO:0002292;CHMO: near-infrared surface plasmon resonance spectroscopy;;http://purl.obolibrary.org/obo/CHMO_0002292;
CHMO:0000627;CHMO: terahertz time-domain spectroscopy;;http://purl.obolibrary.org/obo/CHMO_0000627;
CHMO:0000628;CHMO: vibrational spectroscopy;;http://purl.obolibrary.org/obo/CHMO_0000628;
CHMO:0000629;CHMO: inelastic electron tunnelling spectroscopy;;http://purl.obolibrary.org/obo/CHMO_0000629;
CHMO:0000630;CHMO: infrared absorption spectroscopy;;http://purl.obolibrary.org/obo/CHMO_0000630;
CHMO:0000631;CHMO: infrared evanescent wave spectroscopy;;http://purl.obolibrary.org/obo/CHMO_0000631;
CHMO:0000633;CHMO: infrared multiphoton dissociation spectroscopy;;http://purl.obolibrary.org/obo/CHMO_0000633;
CHMO:0000634;CHMO: resonant infrared multiphoton dissociation spectroscopy;;http://purl.obolibrary.org/obo/CHMO_0000634;
CHMO:0000635;CHMO: mid-infrared spectroscopy;;http://purl.obolibrary.org/obo/CHMO_0000635;
CHMO:0000636;CHMO: Fourier transform infrared spectroscopy;;http://purl.obolibrary.org/obo/CHMO_0000636;
CHMO:0000859;CHMO: thermogravimetry-Fourier transform infrared spectroscopy;;http://purl.obolibrary.org/obo/CHMO_0000859;
CHMO:0001794;CHMO: supercritical fluid extraction-Fourier transform infrared spectroscopy;;http://purl.obolibrary.org/obo/CHMO_0001794;
CHMO:0001821;CHMO: synchrotron Fourier transform infrared spectroscopy;;http://purl.obolibrary.org/obo/CHMO_0001821;
CHMO:0002286;CHMO: polarised Fourier transform infrared spectroscopy;;http://purl.obolibrary.org/obo/CHMO_0002286;
CHMO:0002288;CHMO: time-resolved polarised Fourier transform infrared spectroscopy;;http://purl.obolibrary.org/obo/CHMO_0002288;
CHMO:0002287;CHMO: pyrolysis Fourier transform infrared spectroscopy;;http://purl.obolibrary.org/obo/CHMO_0002287;
CHMO:0002289;CHMO: fast Fourier transform infrared spectroscopy;;http://purl.obolibrary.org/obo/CHMO_0002289;
CHMO:0002651;CHMO: thermogravimetry-differential thermal analysis;;http://purl.obolibrary.org/obo/CHMO_0002651;
CHMO:0000637;CHMO: micro infrared spectroscopy;;http://purl.obolibrary.org/obo/CHMO_0000637;
CHMO:0000638;CHMO: near-infrared absorption spectroscopy;;http://purl.obolibrary.org/obo/CHMO_0000638;
CHMO:0000639;CHMO: Fourier transform near infrared absorbance spectroscopy;;http://purl.obolibrary.org/obo/CHMO_0000639;
CHMO:0001157;CHMO: single pulse–pulsed laser polymerization–near-infrared technique;;http://purl.obolibrary.org/obo/CHMO_0001157;
CHMO:0000640;CHMO: non-dispersive infrared spectroscopy;;http://purl.obolibrary.org/obo/CHMO_0000640;
CHMO:0000641;CHMO: surface enhanced infrared absorption spectroscopy;;http://purl.obolibrary.org/obo/CHMO_0000641;
CHMO:0000642;CHMO: transient infrared spectroscopy;;http://purl.obolibrary.org/obo/CHMO_0000642;
CHMO:0001262;CHMO: gas chromatography-infrared spectroscopy;;http://purl.obolibrary.org/obo/CHMO_0001262;
CHMO:0001263;CHMO: pyrolysis gas chromatography-infrared spectroscopy;;http://purl.obolibrary.org/obo/CHMO_0001263;
CHMO:0001264;CHMO: pyrolysis infrared spectroscopy;;http://purl.obolibrary.org/obo/CHMO_0001264;
CHMO:0002287;CHMO: pyrolysis Fourier transform infrared spectroscopy;;http://purl.obolibrary.org/obo/CHMO_0002287;
CHMO:0001907;CHMO: rapid-scan infrared absorption spectroscopy;;http://purl.obolibrary.org/obo/CHMO_0001907;
CHMO:0001908;CHMO: ultra-rapid-scan infrared absorption spectroscopy;;http://purl.obolibrary.org/obo/CHMO_0001908;
CHMO:0002291;CHMO: dispersive infrared spectroscopy;;http://purl.obolibrary.org/obo/CHMO_0002291;
CHMO:0002710;CHMO: two-dimensional infrared spectroscopy;;http://purl.obolibrary.org/obo/CHMO_0002710;
CHMO:0000643;CHMO: infrared reflectance spectroscopy;;http://purl.obolibrary.org/obo/CHMO_0000643;
CHMO:0000644;CHMO: diffuse reflectance infrared spectroscopy;;http://purl.obolibrary.org/obo/CHMO_0000644;
CHMO:0000645;CHMO: diffuse reflectance infrared Fourier transform spectroscopy;;http://purl.obolibrary.org/obo/CHMO_0000645;
CHMO:0002813;CHMO: in situ diffuse reflectance infrared Fourier transform spectroscopy;;http://purl.obolibrary.org/obo/CHMO_0002813;
CHMO:0000646;CHMO: near-infrared reflectance spectroscopy;;http://purl.obolibrary.org/obo/CHMO_0000646;
CHMO:0000648;CHMO: attenuated total reflectance infrared spectroscopy;;http://purl.obolibrary.org/obo/CHMO_0000648;
CHMO:0000763;CHMO: attenuated total reflectance Fourier transform infrared spectroscopy;;http://purl.obolibrary.org/obo/CHMO_0000763;
CHMO:0000647;CHMO: reflection–absorption infrared spectroscopy;;http://purl.obolibrary.org/obo/CHMO_0000647;
CHMO:0001078;CHMO: polarization modulation infrared reflection–adsorption spectroscopy;;http://purl.obolibrary.org/obo/CHMO_0001078;
CHMO:0001798;CHMO: reflection–absorption Fourier transform infrared spectroscopy;;http://purl.obolibrary.org/obo/CHMO_0001798;
CHMO:0000649;CHMO: infrared emission spectroscopy;;http://purl.obolibrary.org/obo/CHMO_0000649;
CHMO:0000650;CHMO: flame infrared emission spectroscopy;;http://purl.obolibrary.org/obo/CHMO_0000650;
CHMO:0000651;CHMO: Fourier transform flame infrared emission spectroscopy;;http://purl.obolibrary.org/obo/CHMO_0000651;
CHMO:0000652;CHMO: Fourier transform infrared emission spectroscopy;;http://purl.obolibrary.org/obo/CHMO_0000652;
CHMO:0000653;CHMO: mid-infrared emission spectroscopy;;http://purl.obolibrary.org/obo/CHMO_0000653;
CHMO:0000654;CHMO: planar array infrared emission spectroscopy;;http://purl.obolibrary.org/obo/CHMO_0000654;
CHMO:0000655;CHMO: single-photon infrared emission spectroscopy;;http://purl.obolibrary.org/obo/CHMO_0000655;
CHMO:0001288;CHMO: sum-frequency generation spectroscopy;;http://purl.obolibrary.org/obo/CHMO_0001288;
CHMO:0002627;CHMO: infrared–visible sum-frequency generation spectroscopy;;http://purl.obolibrary.org/obo/CHMO_0002627;
CHMO:0002675;CHMO: electronic sum-frequency generation spectroscopy;;http://purl.obolibrary.org/obo/CHMO_0002675;
CHMO:0002290;CHMO: infrared transmission spectroscopy;;http://purl.obolibrary.org/obo/CHMO_0002290;
CHMO:0000775;CHMO: dichroism spectroscopy;;http://purl.obolibrary.org/obo/CHMO_0000775;
CHMO:0000323;CHMO: circular dichroism spectroscopy;;http://purl.obolibrary.org/obo/CHMO_0000323;
CHMO:0000324;CHMO: fluorescence detected circular dichroism spectroscopy;;http://purl.obolibrary.org/obo/CHMO_0000324;
CHMO:0000325;CHMO: magnetic circular dichroism spectroscopy;;http://purl.obolibrary.org/obo/CHMO_0000325;
CHMO:0000326;CHMO: X-ray magnetic circular dichroism spectroscopy;;http://purl.obolibrary.org/obo/CHMO_0000326;
CHMO:0002113;CHMO: near-infrared magnetic circular dichroism spectroscopy;;http://purl.obolibrary.org/obo/CHMO_0002113;
CHMO:0000327;CHMO: vibrational circular dichroism spectroscopy;;http://purl.obolibrary.org/obo/CHMO_0000327;
CHMO:0001160;CHMO: Raman circular dichroism spectroscopy;;http://purl.obolibrary.org/obo/CHMO_0001160;
CHMO:0001161;CHMO: reflectance circular dichroism spectroscopy;;http://purl.obolibrary.org/obo/CHMO_0001161;
CHMO:0000777;CHMO: diffuse reflectance circular dichroism spectroscopy;;http://purl.obolibrary.org/obo/CHMO_0000777;
CHMO:0001926;CHMO: electronic circular dichroism spectroscopy;;http://purl.obolibrary.org/obo/CHMO_0001926;
CHMO:0002534;CHMO: second harmonic generation circular dichroism spectroscopy;;http://purl.obolibrary.org/obo/CHMO_0002534;
CHMO:0002690;CHMO: synchrotron circular dichroism spectroscopy;;http://purl.obolibrary.org/obo/CHMO_0002690;
CHMO:0000776;CHMO: linear dichroism spectroscopy;;http://purl.obolibrary.org/obo/CHMO_0000776;
CHMO:0002067;CHMO: variable-angle polarised absorption spectroscopy;;http://purl.obolibrary.org/obo/CHMO_0002067;
CHMO:0002068;CHMO: ratio variable-angle polarised absorption spectroscopy;;http://purl.obolibrary.org/obo/CHMO_0002068;
CHMO:0000783;CHMO: infrared dichroism spectroscopy;;http://purl.obolibrary.org/obo/CHMO_0000783;
CHMO:0000784;CHMO: site-specific infrared dichroism spectroscopy;;http://purl.obolibrary.org/obo/CHMO_0000784;
CHMO:0000785;CHMO: optical rotatory dispersion;;http://purl.obolibrary.org/obo/CHMO_0000785;
CHMO:0001251;CHMO: magneto-optical rotatory dispersion;;http://purl.obolibrary.org/obo/CHMO_0001251;
CHMO:0000863;CHMO: positron annihilation lifetime spectroscopy;;http://purl.obolibrary.org/obo/CHMO_0000863;
CHMO:0000936;CHMO: reflectance spectroscopy;;http://purl.obolibrary.org/obo/CHMO_0000936;
CHMO:0000938;CHMO: transmission spectroscopy;;http://purl.obolibrary.org/obo/CHMO_0000938;
CHMO:0001090;CHMO: kinetic spectroscopy;;http://purl.obolibrary.org/obo/CHMO_0001090;
CHMO:0001093;CHMO: molecular nonthermal excitation spectroscopy;;http://purl.obolibrary.org/obo/CHMO_0001093;
CHMO:0001123;CHMO: force spectroscopy;;http://purl.obolibrary.org/obo/CHMO_0001123;
CHMO:0001122;CHMO: dynamic force spectroscopy;;http://purl.obolibrary.org/obo/CHMO_0001122;
CHMO:0002459;CHMO: Kelvin force spectroscopy;;http://purl.obolibrary.org/obo/CHMO_0002459;
CHMO:0002676;CHMO: alternating current force spectroscopy;;http://purl.obolibrary.org/obo/CHMO_0002676;
CHMO:0002184;CHMO: optical extinction spectroscopy;;http://purl.obolibrary.org/obo/CHMO_0002184;
CHMO:0002414;CHMO: scattering spectroscopy;;http://purl.obolibrary.org/obo/CHMO_0002414;
CHMO:0000656;CHMO: Raman spectroscopy;;http://purl.obolibrary.org/obo/CHMO_0000656;
CHMO:0002515;CHMO: laser Raman spectroscopy;;http://purl.obolibrary.org/obo/CHMO_0002515;
CHMO:0000657;CHMO: chiral Raman spectroscopy;;http://purl.obolibrary.org/obo/CHMO_0000657;
CHMO:0000885;CHMO: surface-enhanced chiral Raman spectroscopy;;http://purl.obolibrary.org/obo/CHMO_0000885;
CHMO:0000658;CHMO: coherent Raman spectroscopy;;http://purl.obolibrary.org/obo/CHMO_0000658;
CHMO:0000659;CHMO: coherent Stokes Raman spectroscopy;;http://purl.obolibrary.org/obo/CHMO_0000659;
CHMO:0000660;CHMO: coherent Stokes resonance Raman spectroscopy;;http://purl.obolibrary.org/obo/CHMO_0000660;
CHMO:0000661;CHMO: coherent anti-Stokes Raman spectroscopy;;http://purl.obolibrary.org/obo/CHMO_0000661;
CHMO:0000662;CHMO: coherent anti-Stokes resonance Raman spectroscopy;;http://purl.obolibrary.org/obo/CHMO_0000662;
CHMO:0000663;CHMO: confocal Raman spectroscopy;;http://purl.obolibrary.org/obo/CHMO_0000663;
CHMO:0000664;CHMO: confocal Raman microscopy;;http://purl.obolibrary.org/obo/CHMO_0000664;
CHMO:0000665;CHMO: Fourier transform Raman spectroscopy;;http://purl.obolibrary.org/obo/CHMO_0000665;
CHMO:0000666;CHMO: hyper Raman spectroscopy;;http://purl.obolibrary.org/obo/CHMO_0000666;
CHMO:0000667;CHMO: polarised Raman spectroscopy;;http://purl.obolibrary.org/obo/CHMO_0000667;
CHMO:0000668;CHMO: resonance Raman spectroscopy;;http://purl.obolibrary.org/obo/CHMO_0000668;
CHMO:0000669;CHMO: Kerr-gated resonance Raman spectroscopy;;http://purl.obolibrary.org/obo/CHMO_0000669;
CHMO:0000670;CHMO: surface-enhanced resonance Raman spectroscopy;;http://purl.obolibrary.org/obo/CHMO_0000670;
CHMO:0000671;CHMO: ultraviolet resonance Raman spectroscopy;;http://purl.obolibrary.org/obo/CHMO_0000671;
CHMO:0000672;CHMO: deep ultra-violet resonance Raman spectroscopy;;http://purl.obolibrary.org/obo/CHMO_0000672;
CHMO:0002373;CHMO: surface-enhanced non-resonance Raman spectroscopy;;http://purl.obolibrary.org/obo/CHMO_0002373;
CHMO:0000674;CHMO: spatially-offset Raman spectroscopy;;http://purl.obolibrary.org/obo/CHMO_0000674;
CHMO:0000675;CHMO: stimulated Raman spectroscopy;;http://purl.obolibrary.org/obo/CHMO_0000675;
CHMO:0000676;CHMO: femosecond stimulated Raman spectroscopy;;http://purl.obolibrary.org/obo/CHMO_0000676;
CHMO:0001939;CHMO: stimulated Raman gain spectroscopy;;http://purl.obolibrary.org/obo/CHMO_0001939;
CHMO:0001940;CHMO: stimulated Raman loss spectroscopy;;http://purl.obolibrary.org/obo/CHMO_0001940;
CHMO:0001941;CHMO: photoacoustic Raman spectroscopy;;http://purl.obolibrary.org/obo/CHMO_0001941;
CHMO:0001942;CHMO: ionisation-detected stimulated Raman spectroscopy;;http://purl.obolibrary.org/obo/CHMO_0001942;
CHMO:0000677;CHMO: surface-enhanced Raman spectroscopy;;http://purl.obolibrary.org/obo/CHMO_0000677;
CHMO:0000670;CHMO: surface-enhanced resonance Raman spectroscopy;;http://purl.obolibrary.org/obo/CHMO_0000670;
CHMO:0000770;CHMO: single molecule surface-enhanced Raman spectroscopy;;http://purl.obolibrary.org/obo/CHMO_0000770;
CHMO:0000875;CHMO: electrochemical surface-enhanced Raman spectroscopy;;http://purl.obolibrary.org/obo/CHMO_0000875;
CHMO:0002373;CHMO: surface-enhanced non-resonance Raman spectroscopy;;http://purl.obolibrary.org/obo/CHMO_0002373;
CHMO:0000678;CHMO: tip-enhanced Raman spectroscopy;;http://purl.obolibrary.org/obo/CHMO_0000678;
CHMO:0000679;CHMO: ultra-high vacuum tip-enhanced Raman spectroscopy;;http://purl.obolibrary.org/obo/CHMO_0000679;
CHMO:0000680;CHMO: ultraviolet Raman spectroscopy;;http://purl.obolibrary.org/obo/CHMO_0000680;
CHMO:0000870;CHMO: near-infrared Raman spectroscopy;;http://purl.obolibrary.org/obo/CHMO_0000870;
CHMO:0001766;CHMO: transmission Raman spectroscopy;;http://purl.obolibrary.org/obo/CHMO_0001766;
CHMO:0001767;CHMO: optical tweezers Raman spectroscopy;;http://purl.obolibrary.org/obo/CHMO_0001767;
CHMO:0001943;CHMO: higher-order Raman spectral excitation spectroscopy;;http://purl.obolibrary.org/obo/CHMO_0001943;
CHMO:0001986;CHMO: non-resonance Raman spectroscopy;;http://purl.obolibrary.org/obo/CHMO_0001986;
CHMO:0002373;CHMO: surface-enhanced non-resonance Raman spectroscopy;;http://purl.obolibrary.org/obo/CHMO_0002373;
CHMO:0002165;CHMO: drop coating deposition Raman spectroscopy;;http://purl.obolibrary.org/obo/CHMO_0002165;
CHMO:0002415;CHMO: luminescence spectroscopy;;http://purl.obolibrary.org/obo/CHMO_0002415;
CHMO:0000287;CHMO: fluorescence spectroscopy;;http://purl.obolibrary.org/obo/CHMO_0000287;
CHMO:0000288;CHMO: fluorescence correlation spectroscopy;;http://purl.obolibrary.org/obo/CHMO_0000288;
CHMO:0000289;CHMO: fluorescence cross-correlation spectroscopy;;http://purl.obolibrary.org/obo/CHMO_0000289;
CHMO:0000761;CHMO: confocal fluorescence correlation spectroscopy;;http://purl.obolibrary.org/obo/CHMO_0000761;
CHMO:0000762;CHMO: scanning fluorescence correlation spectroscopy;;http://purl.obolibrary.org/obo/CHMO_0000762;
CHMO:0002284;CHMO: raster image correlation spectroscopy;;http://purl.obolibrary.org/obo/CHMO_0002284;
CHMO:0000765;CHMO: total internal reflection fluorescence correlation spectroscopy;;http://purl.obolibrary.org/obo/CHMO_0000765;
CHMO:0000766;CHMO: supercritical angle fluorescence correlation spectroscopy;;http://purl.obolibrary.org/obo/CHMO_0000766;
CHMO:0000767;CHMO: image correlation spectroscopy;;http://purl.obolibrary.org/obo/CHMO_0000767;
CHMO:0002141;CHMO: high-pressure fluorescence correlation spectroscopy;;http://purl.obolibrary.org/obo/CHMO_0002141;
CHMO:0001240;CHMO: differential scanning fluorescence spectroscopy;;http://purl.obolibrary.org/obo/CHMO_0001240;
CHMO:0001917;CHMO: time-resolved fluorescence spectroscopy;;http://purl.obolibrary.org/obo/CHMO_0001917;
CHMO:0001919;CHMO: single-molecule fluorescence spectroscopy;;http://purl.obolibrary.org/obo/CHMO_0001919;
CHMO:0002187;CHMO: generalised polarisation spectroscopy;;http://purl.obolibrary.org/obo/CHMO_0002187;
CHMO:0002188;CHMO: laurdan generalised polarisation spectroscopy;;http://purl.obolibrary.org/obo/CHMO_0002188;
CHMO:0002522;CHMO: excitation–emission matrix fluorescence spectroscopy;;http://purl.obolibrary.org/obo/CHMO_0002522;
CHMO:0002714;CHMO: steady-state fluorescence spectroscopy;;http://purl.obolibrary.org/obo/CHMO_0002714;
CHMO:0002416;CHMO: phosphorescence spectroscopy;;http://purl.obolibrary.org/obo/CHMO_0002416;
CHMO:0002417;CHMO: radio frequency spectroscopy;;http://purl.obolibrary.org/obo/CHMO_0002417;
CHMO:0002602;CHMO: photocurrent spectroscopy;;http://purl.obolibrary.org/obo/CHMO_0002602;
CHMO:0002603;CHMO: intensity-modulated photocurrent spectroscopy;;http://purl.obolibrary.org/obo/CHMO_0002603;
CHMO:0002604;CHMO: photovoltage spectroscopy;;http://purl.obolibrary.org/obo/CHMO_0002604;
CHMO:0002605;CHMO: intensity-modulated photovoltage spectroscopy;;http://purl.obolibrary.org/obo/CHMO_0002605;
CHMO:0002928;CHMO: temperature-programmed surface reaction spectroscopy;;http://purl.obolibrary.org/obo/CHMO_0002928;
